,financial_turbulence,nfc_risk,nfc_credit,nfc_leverage,TR CAPE,effr,t3m effr spread,sp_3m_drawdown,regime
2000-01-01,22.84109054472929,-0.25857,0.0584775,1.3176025,47.58768727292153,5.45,0.04900000000000038,-0.07424874311404628,1
2000-02-01,40.7652525331977,-0.2469675,0.025660000000000002,1.3510575,45.80769532187176,5.73,-0.0030000000000001137,-0.09248937529245363,1
2000-03-01,24.33868584974014,-0.155668,0.063858,1.181748,46.876009335888135,5.85,0.0139130434782615,-0.07733878161157903,1
2000-04-01,17.526486714392988,-0.03334,0.11938499999999999,0.8763025,47.1554068552447,6.02,-0.19842105263157883,-0.1118850292081357,1
2000-05-01,30.34665782539428,0.0613775,0.159085,0.6025975,45.41303810500988,6.27,-0.2754545454545454,-0.1005590846987985,1
2000-06-01,40.56468692173384,0.068576,0.203618,0.35604399999999997,46.24558748583612,6.53,-0.668181818181818,-0.05406008798361288,0
2000-07-01,20.78462811461228,-0.062615,0.2254775,0.0639475,46.17072813184035,6.54,-0.39749999999999996,-0.05998052034219675,0
2000-08-01,34.256903950240805,-0.17288,0.218815,-0.28074,46.242113523646914,6.5,-0.22260869565217423,-0.04792485558756011,0
2000-09-01,40.373789283249366,-0.18578999999999998,0.208514,-0.597842,45.147501501622976,6.52,-0.34499999999999975,-0.0619423529083135,0
2000-10-01,21.846526330694218,-0.16788999999999998,0.25645,-0.7962625000000001,42.38264022989001,6.51,-0.215238095238095,-0.1255876876723571,1
2000-11-01,26.152520208268417,-0.16778,0.410935,-1.0398525,41.713360280388024,6.51,-0.1538095238095245,-0.13533937789148115,1
2000-12-01,27.624341180693534,-0.154832,0.5941219999999999,-1.4763519999999999,40.05987947359607,6.4,-0.46300000000000097,-0.13272397372511283,1
2001-01-01,31.621332603824907,-0.23545,0.571755,-1.8274275,39.71280978944716,5.98,-0.6947619047619051,-0.10653215713131542,1
2001-02-01,29.530557804322143,-0.3121625,0.4627425,-1.9441025,38.458570743648075,5.49,-0.4847368421052636,-0.10162296386587726,1
2001-03-01,17.85115337156553,-0.27376,0.385276,-1.967326,34.67522463031594,5.31,-0.7745454545454544,-0.18646315364439953,2
2001-04-01,17.949061351388668,-0.2867225,0.30427000000000004,-1.9470325,34.49609962461754,4.8,-0.8339999999999996,-0.19689457485411774,2
2001-05-01,7.830762184469995,-0.381535,0.23032999999999998,-1.9370875,36.51742856121197,4.21,-0.5068181818181818,-0.0780693474645293,1
2001-06-01,13.61222428614286,-0.44952,0.205428,-1.970656,35.4268593226745,3.97,-0.40476190476190466,-0.07952279109892667,1
2001-07-01,11.961935972300841,-0.5005625,0.196085,-1.964105,34.44859395765035,3.77,-0.1766666666666672,-0.10753862751951403,1
2001-08-01,11.801501009442774,-0.486224,0.194234,-1.8552419999999998,33.63139016318308,3.65,-0.21217391304347766,-0.1203985162156366,1
2001-09-01,20.444778358268263,-0.38492000000000004,0.2597,-1.739255,29.631910124299587,3.07,-0.37764705882352967,-0.21926537759852344,2
2001-10-01,10.243321021882704,-0.402825,0.3081175,-1.6861375,30.610210495719638,2.49,-0.29227272727272746,-0.160238313093895,2
2001-11-01,21.9088042424982,-0.437462,0.29881,-1.599042,32.14309653485236,2.09,-0.18349999999999977,-0.11193940152698137,1
2001-12-01,23.355079672948346,-0.41227,0.26899,-1.4379225,32.6779626749301,1.82,-0.10000000000000009,-0.04355105034082374,0
2002-01-01,24.971899680019153,-0.4739025,0.1981675,-1.2659075,32.44567789769129,1.73,-0.04523809523809508,-0.06129584781246662,0
2002-02-01,20.489295395629558,-0.5406875,0.131955,-1.14651,31.176385637974693,1.74,0.01684210526315799,-0.07875409595758631,1
2002-03-01,16.90727527452663,-0.54149,0.095646,-1.17549,32.47580925284801,1.73,0.09499999999999997,-0.034737426656930276,0
2002-04-01,16.988399091411665,-0.5647025,0.0264575,-1.2840475,31.10469039970416,1.75,-0.004999999999999893,-0.08958470498015232,1
2002-05-01,14.339854761142064,-0.626118,-0.039924,-1.332602,30.17198413754154,1.75,0.010454545454545272,-0.10322231651642179,1
2002-06-01,22.144723826571667,-0.5906475,0.005024999999999999,-1.3516675,28.315227417431363,1.75,-0.018000000000000016,-0.15152649328644674,1
2002-07-01,22.962034909846974,-0.495715,0.1039075,-1.36336,25.18961957634528,1.73,-0.016363636363636136,-0.2791367743736063,2
2002-08-01,6.201200105453473,-0.427148,0.168296,-1.295876,25.33599707398658,1.74,-0.09272727272727255,-0.2457911228507747,2
2002-09-01,16.469525013262842,-0.3969,0.1887175,-1.1386775,24.033754017347945,1.75,-0.09099999999999997,-0.17567717344590944,2
2002-10-01,31.461198083070872,-0.4129075,0.189,-1.012035,23.606572751994403,1.75,-0.1399999999999999,-0.1931442817946276,2
2002-11-01,21.751008726417602,-0.4952,0.16191,-0.866184,25.114358041300346,1.34,-0.08526315789473693,-0.0898618558935063,1
2002-12-01,8.81283510531983,-0.5445475,0.120315,-0.68116,24.860432504266157,1.24,-0.02904761904761899,-0.067602512630306,1
2003-01-01,6.003458821856651,-0.573966,0.055035999999999995,-0.541262,24.653867027835656,1.24,-0.05095238095238108,-0.10039729702285319,1
2003-02-01,5.933229006530258,-0.5975675,0.013145,-0.5218700000000001,22.85382611436557,1.26,-0.07473684210526321,-0.1294108882293492,1
2003-03-01,4.850423836008965,-0.6261025,-0.0146325,-0.6338349999999999,22.96962365120128,1.25,-0.09904761904761905,-0.14053409661238037,1
2003-04-01,14.982762749785627,-0.704275,-0.0555675,-0.7820175,24.186166302446413,1.26,-0.10761904761904773,-0.07854796254558917,1
2003-05-01,12.520635890860941,-0.787022,-0.06642,-0.87097,25.450023010176366,1.26,-0.17190476190476178,-0.028457649368568805,0
2003-06-01,2.604506693226971,-0.7933825,-0.07638249999999999,-0.8883475,26.79657051690989,1.22,-0.28380952380952373,-0.03673168271057253,0
2003-07-01,14.271804846339574,-0.7488775,-0.1399525,-0.8461575,26.841910907521097,1.01,-0.0895454545454546,-0.03248125479297573,0
2003-08-01,7.660104402653622,-0.691598,-0.194308,-0.6890639999999999,26.60610888376364,1.03,-0.06095238095238109,-0.04566746970157593,0
2003-09-01,9.952791122536565,-0.6912775,-0.207645,-0.54376,27.26141054955714,1.01,-0.05476190476190479,-0.04194962118841428,0
2003-10-01,8.972428420982629,-0.706156,-0.23379599999999998,-0.519344,27.74090541797265,1.01,-0.06818181818181823,-0.020546746045995188,0
2003-11-01,3.83340701217736,-0.7143525,-0.261255,-0.4659125,28.030020810958018,1.0,-0.0477777777777777,-0.023956105313681347,0
2003-12-01,8.437124381137917,-0.726335,-0.2830875,-0.3874475,28.775402120617297,0.98,-0.06545454545454543,-0.010344584102318585,0
2004-01-01,9.723094732585357,-0.757488,-0.325488,-0.44073399999999996,29.879678114424998,1.0,-0.09949999999999992,-0.02327394234061798,0
2004-02-01,11.814923079008496,-0.7950325,-0.339765,-0.606745,29.869912101543246,1.01,-0.06526315789473691,-0.02497033479133348,0
2004-03-01,2.5351010344525298,-0.79857,-0.3379,-0.641955,29.0437145573543,1.0,-0.04652173913043478,-0.05737808626192357,0
2004-04-01,10.424028652482514,-0.7424839999999999,-0.356686,-0.47098399999999996,29.058291817756967,1.0,-0.04190476190476189,-0.04358412841337907,0
2004-05-01,7.4114861396751195,-0.68062,-0.3456525,-0.28236,27.980644843237357,1.0,0.03949999999999987,-0.06289439576692912,0
2004-06-01,9.703838989135567,-0.6657375000000001,-0.31887750000000004,-0.224515,28.517933395288196,1.03,0.25809523809523816,-0.03476649829054499,0
2004-07-01,8.412906075122942,-0.674832,-0.302664,-0.250508,27.755514536330775,1.26,0.09761904761904772,-0.05243615652348343,0
2004-08-01,4.893094235325808,-0.6980175,-0.27281,-0.2907725,27.192500070259676,1.43,0.07318181818181824,-0.0706519535559648,1
2004-09-01,6.625477520452614,-0.7190175,-0.243755,-0.267945,27.725340561354155,1.61,0.0714285714285714,-0.033346172805783954,0
2004-10-01,4.637483453192679,-0.729252,-0.24693199999999998,-0.176732,27.447302225242783,1.76,0.034499999999999975,-0.04137296789092908,0
2004-11-01,3.801123661954994,-0.7426875,-0.261745,-0.11448749999999999,28.582705258099505,1.93,0.1775,-0.011679131891330552,0
2004-12-01,3.7093637303345552,-0.733002,-0.254244,-0.129778,29.312639184857183,2.16,0.06272727272727296,-0.012003029190539917,0
2005-01-01,3.4747159256133195,-0.72894,-0.2410725,-0.14751999999999998,28.707356524065613,2.28,0.09100000000000019,-0.04103666665929011,0
2005-02-01,12.540213091271534,-0.7451825,-0.2424825,-0.12277249999999999,28.874110081209487,2.5,0.07947368421052614,-0.024218213889751164,0
2005-03-01,5.382037184146636,-0.7167325,-0.22969,-0.0755425,28.433346549933503,2.63,0.165909090909091,-0.04892645157176815,0
2005-04-01,8.531510989638342,-0.675404,-0.170282,-0.012328,27.427971644284614,2.79,0.046666666666666856,-0.0716635417932722,1
2005-05-01,7.089722583832118,-0.6698975,-0.11359,0.0429175,27.68699539199909,3.0,-0.09809523809523801,-0.05815671655173376,0
2005-06-01,9.541141568472526,-0.6744425000000001,-0.1077425,0.0941625,28.13606784076823,3.04,-0.003636363636363882,-0.02390418560353227,0
2005-07-01,5.011867530618317,-0.687092,-0.115168,0.156674,28.36990506263924,3.26,0.027500000000000302,-0.018505144174095448,0
2005-08-01,5.055183529061767,-0.6908274999999999,-0.10675,0.17877,28.168980742317395,3.5,0.01826086956521733,-0.03207934060228045,0
2005-09-01,3.5408958578153014,-0.644836,-0.10968800000000001,0.08852399999999999,27.762463408465543,3.62,-0.1257142857142859,-0.027983106404239948,0
2005-10-01,10.220646408701768,-0.6043575,-0.1323925,-0.130145,26.840542701863445,3.78,0.012499999999999734,-0.05477741365935615,0
2005-11-01,5.554170585481359,-0.590375,-0.1385475,-0.3237325,27.977205472367196,4.0,-0.025500000000000078,-0.03118855826294143,0
2005-12-01,3.04817889920845,-0.5774739999999999,-0.11958600000000001,-0.362336,28.527159043907623,4.16,-0.18904761904761935,-0.019210483963321166,0
2006-01-01,9.524555800142355,-0.628135,-0.10713249999999999,-0.2874525,28.55131189134446,4.29,0.04600000000000026,-0.02525928550886476,0
2006-02-01,8.533945126555476,-0.6725125000000001,-0.1189325,-0.29764999999999997,28.31295322067143,4.49,0.049473684210526336,-0.030444005299793256,0
2006-03-01,8.354166793849572,-0.66003,-0.139318,-0.398766,28.39507373397662,4.59,0.0378260869565219,-0.016960602336010176,0
2006-04-01,3.696061990913891,-0.6377375,-0.1466875,-0.4798875,28.19840385660735,4.79,-0.06842105263157894,-0.019999162346546542,0
2006-05-01,5.086123558113427,-0.600255,-0.1416375,-0.5142,27.661895284857184,4.94,-0.10363636363636353,-0.05218143042583365,0
2006-06-01,3.1472440318682593,-0.529482,-0.130888,-0.49882400000000005,26.69094399775157,4.99,-0.07227272727272727,-0.07698985307108448,1
2006-07-01,15.173316591671691,-0.549275,-0.10655,-0.456495,26.634874022226963,5.24,-0.16349999999999998,-0.06884354548255321,1
2006-08-01,8.674353647151278,-0.6243875,-0.0836175,-0.46574,27.0174189099733,5.25,-0.1595652173913047,-0.04136492684675819,0
2006-09-01,7.811580029440215,-0.651894,-0.067906,-0.49942200000000003,27.65591757527406,5.25,-0.3200000000000003,-0.014643046235484486,0
2006-10-01,7.095342041210584,-0.685805,-0.052402500000000005,-0.4811725,28.617660202008302,5.25,-0.20380952380952344,-0.008451630291836707,0
2006-11-01,6.275821347025943,-0.71525,-0.038212499999999996,-0.43981,29.034995488566945,5.25,-0.17666666666666675,-0.017839079110279037,0
2006-12-01,5.4366964203261015,-0.707642,-0.052767999999999995,-0.385956,29.413282471660665,5.24,-0.26700000000000035,-0.01144283573271486,0
2007-01-01,4.889217873371954,-0.7411099999999999,-0.097025,-0.3315725,29.327838512792727,5.25,-0.1447619047619053,-0.013547394818159201,0
2007-02-01,9.418768138220356,-0.7454799999999999,-0.107215,-0.3302025,29.43918662944033,5.26,-0.09684210526315784,-0.04154336047428523,0
2007-03-01,6.153170384866572,-0.689226,-0.08043,-0.322612,28.264070221688097,5.26,-0.1800000000000006,-0.058615624962628676,0
2007-04-01,5.735702028877009,-0.6584475,-0.07173750000000001,-0.24732,29.06664244302986,5.25,-0.24333333333333318,-0.024066921236267948,0
2007-05-01,4.632522310406733,-0.6013025,-0.106615,-0.145595,29.678159305539165,5.25,-0.3822727272727269,-0.01395627733070348,0
2007-06-01,6.54879370133567,-0.5496000000000001,-0.139408,0.071556,29.53331815294466,5.25,-0.5080952380952386,-0.031484349664599696,0
2007-07-01,14.77243532353895,-0.4378475,0.007737499999999998,0.42415,29.52031070899062,5.26,-0.29904761904761834,-0.06297804317293848,0
2007-08-01,4.3054238084806356,-0.020784000000000004,0.325988,0.7839940000000001,28.160884339006902,5.02,-0.7030434782608692,-0.09425142878970884,1
2007-09-01,8.374583741376238,0.09239499999999999,0.4174,1.1278175,28.781596977212033,4.94,-0.945789473684211,-0.06527674540359768,1
2007-10-01,11.170468191323819,-0.0765175,0.3365,1.4838,29.421547626362997,4.76,-0.7572727272727269,-0.04122289782118749,0
2007-11-01,9.345632790580295,0.229686,0.454182,1.8905020000000001,27.71103914337949,4.49,-1.1355,-0.10090409944571352,1
2007-12-01,11.653738077008748,0.4939925,0.6316875,2.1117749999999997,27.959981545763828,4.24,-1.1735000000000002,-0.0761907792479146,1
2008-01-01,22.032768541999726,0.292625,0.7102275,2.104635,25.886705943137205,3.94,-1.12,-0.15417780281789567,1
2008-02-01,22.11205038883038,0.39451400000000003,0.9213419999999999,2.10392,25.329469431905355,2.98,-0.8059999999999996,-0.12749055488125471,1
2008-03-01,9.97016269495531,0.7521025,1.089425,2.1989125,24.38405179883032,2.61,-1.3264999999999998,-0.16002399276448567,2
2008-04-01,8.794931679687261,0.662725,0.92677,2.3157575,25.204092441252197,2.28,-0.968181818181818,-0.06686366600838571,1
2008-05-01,12.007300572166479,0.398496,0.731914,2.5774619999999997,25.58364787805178,1.98,-0.21571428571428575,-0.03553826219716978,0
2008-06-01,18.69784893027966,0.4785475,0.8027775,2.8596375,24.21673551565435,2.0,-0.10952380952380936,-0.10391622179023052,1
2008-07-01,20.13648864283305,0.5529725,0.8945675,2.8674049999999998,22.603177385642233,2.01,-0.35499999999999954,-0.1484056622799801,1
2008-08-01,9.071631938543138,0.558968,0.957062,2.622954,23.155126607759247,2.0,-0.2471428571428571,-0.12450319599984701,1
2008-09-01,20.4606073108572,1.347385,1.3698474999999999,2.479515,22.050373871028608,1.81,-0.6633333333333336,-0.15237636022433362,1
2008-10-01,22.560324298159415,2.484772,2.117104,2.713608,17.770107910955755,0.97,-0.28409090909090906,-0.34964605013232264,2
2008-11-01,22.81631676491936,2.856655,2.682325,3.123065,16.575738507639592,0.39,-0.19611111111111112,-0.4215026206524513,2
2008-12-01,6.561317081552361,2.6709199999999997,2.68109,3.4286925,16.732842670212026,0.16,-0.12590909090909091,-0.35982522512033926,2
2009-01-01,32.464293462892016,2.1459140000000003,2.191564,3.760982,16.545978292696994,0.15,-0.02049999999999999,-0.199383573747825,2
2009-02-01,25.550035091600474,1.928705,1.97583,3.9021725,15.431495098996697,0.22,0.07526315789473684,-0.2135551329246692,2
2009-03-01,16.67719240664223,1.8034025,1.9652825,3.50324,14.592703772466306,0.18,0.03590909090909092,-0.2762062475002653,2
2009-04-01,21.905373377491287,1.38334,1.6659475,2.7210625000000004,16.441219972398414,0.15,0.008095238095238128,-0.13225633198109588,1
2009-05-01,20.798059077265926,0.9224159999999999,1.187264,1.942436,17.585230774696484,0.18,-0.0030000000000000027,-0.049879982953796066,0
2009-06-01,9.060479431492135,0.7081875,0.90936,1.4892025,18.040717081299704,0.21,-0.031363636363636344,-0.05619264509000203,0
2009-07-01,9.393936349211257,0.49703400000000003,0.731382,1.158974,18.41056954196057,0.16,0.023636363636363622,-0.07089336989899504,1
2009-08-01,12.363224733031632,0.268205,0.5274575,0.8179025,19.979249781377362,0.16,0.01190476190476189,-0.032585191153051175,0
2009-09-01,4.665662918866548,0.1397975,0.4017275,0.62409,20.817180576489942,0.15,-0.026666666666666644,-0.035141303570489814,0
2009-10-01,8.653969697764046,0.041333999999999996,0.32421,0.5949220000000001,21.420018718305062,0.12,-0.04571428571428571,-0.056215983871166796,0
2009-11-01,8.256595269414438,-0.011139999999999999,0.2540725,0.6499775,21.938367056892957,0.12,-0.06789473684210526,-0.050122530611527875,0
2009-12-01,7.500828256885545,-0.048085,0.109935,0.66553,22.51127899203436,0.12,-0.06545454545454546,-0.0168283437277877,0
2010-01-01,12.897901116462357,-0.098584,0.0061979999999999995,0.5952500000000001,22.74143027719743,0.11,-0.048421052631578955,-0.06638671104751045,1
2010-02-01,6.251580415955542,-0.155685,0.0174425,0.400565,22.070377804640152,0.13,-0.02105263157894738,-0.08127938918465269,1
2010-03-01,6.498995725194054,-0.2745275,-0.07826,0.159785,23.269199472972947,0.16,-0.009565217391304365,-0.030011406516444784,0
2010-04-01,10.780808970794494,-0.304438,-0.137972,0.008588,24.150482266532816,0.2,-0.03772727272727272,-0.027577934042642378,0
2010-05-01,6.696628623231484,-0.0670675,0.039972499999999994,0.0251575,22.679628014583425,0.2,-0.04000000000000001,-0.1226752058121384,1
2010-06-01,7.780031732474065,0.0411825,0.1476725,0.05284,21.85941808647978,0.18,-0.05636363636363635,-0.15326799410908068,1
2010-07-01,8.976422529286593,-0.099156,0.07717,0.018556,21.774656015068224,0.18,-0.022380952380952363,-0.15994677274011784,2
2010-08-01,6.26848918273644,-0.20835,0.028725,-0.028624999999999998,21.882717641224716,0.19,-0.035,-0.07144066321631164,1
2010-09-01,11.081587594193973,-0.24978250000000002,-0.0036949999999999995,-0.025235,22.552614727121682,0.19,-0.0380952380952381,-0.042117768693439965,0
2010-10-01,6.902515857717381,-0.297068,-0.13161399999999998,0.053266,23.49381681004717,0.19,-0.055499999999999994,-0.01587725024997053,0
2010-11-01,6.736557146588496,-0.29052,-0.246115,0.1122625,23.993185849903487,0.19,-0.047000000000000014,-0.03875678974738809,0
2010-12-01,9.29294643251907,-0.30057999999999996,-0.316642,0.049914,24.750553777970612,0.18,-0.03909090909090909,-0.01613576676658206,0
2011-01-01,9.893296477970166,-0.36894,-0.385455,-0.060687500000000005,25.380551443716627,0.17,-0.018000000000000016,-0.017852526697772424,0
2011-02-01,7.083260841350523,-0.3770925,-0.398995,-0.103885,25.931891523572457,0.16,-0.027894736842105278,-0.02748306707418275,0
2011-03-01,5.6886888691884865,-0.35624500000000003,-0.36606500000000003,-0.066135,25.267990036105846,0.14,-0.039565217391304364,-0.06413206473259529,0
2011-04-01,7.088053002797584,-0.41166200000000003,-0.366058,0.037956000000000004,25.52606103356166,0.1,-0.04150000000000001,-0.02819785023329526,0
2011-05-01,5.456209689923117,-0.4254025,-0.35500750000000003,0.12937749999999998,25.42275141049591,0.09,-0.04904761904761905,-0.03470930585953799,0
2011-06-01,6.556954078251202,-0.384535,-0.32015,0.2089,24.359226657703797,0.09,-0.05272727272727272,-0.07200734994686543,1
2011-07-01,11.746956435244154,-0.312104,-0.25964400000000004,0.44352,24.91508907841193,0.07,-0.03250000000000001,-0.050645702303823634,0
2011-08-01,7.796621519746827,-0.1351775,-0.05664,0.822095,22.09261871212077,0.1,-0.07565217391304348,-0.17514520561745048,2
2011-09-01,15.29160394225942,-0.004326000000000001,0.11032199999999999,1.0646200000000001,21.70640003107506,0.08,-0.06619047619047619,-0.16527978965102225,2
2011-10-01,11.479425674947707,-0.0042924999999999994,0.0984975,1.0076175,22.212668163493923,0.07,-0.051000000000000004,-0.18769305488626756,2
2011-11-01,6.688975813072995,-0.0050125000000000005,0.091125,0.78739,22.423888769998182,0.08,-0.066,-0.09837437474216233,1
2011-12-01,3.7548279483307496,-0.028961999999999998,0.09312200000000001,0.5274340000000001,22.623608815264806,0.07,-0.05857142857142858,-0.06205012283593274,0
2012-01-01,10.78295433496854,-0.1691025,-0.0217375,0.30468249999999997,23.38604601373142,0.08,-0.0455,-0.010293669827095142,0
2012-02-01,7.174225467095712,-0.294275,-0.1208375,0.167535,24.031932260644208,0.1,-0.008000000000000007,-0.006886302644093898,0
2012-03-01,7.851666324354307,-0.342366,-0.159274,0.121488,24.315942005487805,0.13,-0.04590909090909091,-0.022363878081596084,0
2012-04-01,3.106866701702174,-0.32706999999999997,-0.12360750000000001,0.182365,24.015130965765508,0.14,-0.05619047619047621,-0.04259927245049711,0
2012-05-01,6.125447381389941,-0.27154,-0.008632500000000001,0.2618825,23.09523798959688,0.16,-0.07045454545454546,-0.08725621895854166,1
2012-06-01,3.2239825610736332,-0.246412,0.067886,0.273514,22.665536337915757,0.16,-0.06857142857142857,-0.09936294686452453,1
2012-07-01,4.7233612775118266,-0.33291000000000004,0.022285,0.22760249999999999,23.168289603671173,0.16,-0.06285714285714286,-0.0505469684869774,0
2012-08-01,4.570950649827801,-0.4317460000000001,-0.05484599999999999,0.190076,23.62546483683114,0.13,-0.027391304347826093,-0.015130176804975503,0
2012-09-01,3.3488196265257533,-0.50218,-0.1277725,0.14313499999999998,24.04058910875292,0.14,-0.03473684210526318,-0.02213858436848433,0
2012-10-01,6.579951062500284,-0.5489425,-0.145625,0.05951,23.816813659366243,0.16,-0.05523809523809524,-0.03890106822452603,0
2012-11-01,5.844635204067022,-0.5766,-0.12031800000000001,-0.082676,23.073935342391618,0.16,-0.0665,-0.07671057667868018,1
2012-12-01,6.967158710507605,-0.584935,-0.15622,-0.2483825,23.456313867189632,0.16,-0.09000000000000001,-0.040351696809891986,0
2013-01-01,6.149189946678349,-0.6038725,-0.2149975,-0.3575575,24.19377141659687,0.14,-0.06571428571428573,-0.006452926497048103,0
2013-02-01,4.1240363187944595,-0.6190599999999999,-0.2388925,-0.3893825,24.367396962422973,0.15,-0.05105263157894736,-0.028146085065056222,0
2013-03-01,3.960620801110779,-0.614766,-0.261534,-0.381694,24.77720080536969,0.14,-0.05300000000000002,-0.0111499471340733,0
2013-04-01,6.505011306074132,-0.613305,-0.3237275,-0.38422999999999996,24.976932098870424,0.15,-0.09,-0.03248461432325278,0
2013-05-01,12.274588221221002,-0.598592,-0.367892,-0.449934,25.881910504712486,0.11,-0.06590909090909092,-0.023017591578146143,0
2013-06-01,4.4614404562046595,-0.533105,-0.32799500000000004,-0.6016925,25.347211669351637,0.09,-0.03949999999999999,-0.057555936154791085,0
2013-07-01,4.082936343568789,-0.5235375,-0.3106025,-0.7418225,25.97601230661417,0.09,-0.05454545454545454,-0.032998680172730846,0
2013-08-01,7.055672373787105,-0.548524,-0.32202000000000003,-0.771038,25.827397250944163,0.08,-0.03636363636363637,-0.04631891618912612,0
2013-09-01,4.985770555340898,-0.5595525,-0.330685,-0.6444075,25.923107076121422,0.08,-0.064,-0.0408850963152855,0
2013-10-01,6.244074058401333,-0.604455,-0.3625675,-0.48390500000000003,26.356918954589563,0.09,-0.042727272727272725,-0.04060808774528738,0
2013-11-01,5.718867635981325,-0.657604,-0.40831,-0.37292800000000004,27.246316008132887,0.08,-0.01210526315789473,-0.013995839296370152,0
2013-12-01,5.590224190789165,-0.671565,-0.4360425,-0.3217575,27.483753598662698,0.09,-0.023333333333333317,-0.01827615417053149,0
2014-01-01,11.975541976998148,-0.677116,-0.42225799999999997,-0.260088,27.474102609349295,0.07,-0.026666666666666672,-0.04013246925144082,0
2014-02-01,5.121982404714268,-0.699175,-0.40313,-0.2122925,27.17067513688943,0.07,-0.01736842105263159,-0.05761260668967606,0
2014-03-01,6.132854898805054,-0.7164550000000001,-0.3911475,-0.249995,27.566812365082868,0.08,-0.02761904761904762,-0.019653486300597,0
2014-04-01,5.181465756449271,-0.719885,-0.36855499999999997,-0.3403425,27.372610571113675,0.09,-0.05904761904761904,-0.039774753840366585,0
2014-05-01,2.5029561412710013,-0.731676,-0.36572,-0.39617,27.538632386895767,0.09,-0.05761904761904762,-0.014018802219004098,0
2014-06-01,4.266170854382877,-0.7355675,-0.3800825,-0.33712,28.20860107272216,0.1,-0.0642857142857143,-0.010844236813914014,0
2014-07-01,5.379599837525772,-0.7047525,-0.36966,-0.2340175,28.485636237139374,0.09,-0.06363636363636363,-0.028828226182601835,0
2014-08-01,2.5701629262289316,-0.67912,-0.33874,-0.21028599999999997,28.256055533515127,0.09,-0.05714285714285714,-0.03944206428135108,0
2014-09-01,4.723895261980972,-0.657775,-0.28835500000000003,-0.25343,28.57815587885414,0.09,-0.06999999999999999,-0.022556874675647556,0
2014-10-01,10.28687889091701,-0.6155839999999999,-0.252386,-0.228382,27.73694561828824,0.09,-0.07318181818181818,-0.07401459519995708,1
2014-11-01,8.479406038239116,-0.6252175,-0.2467775,-0.1738625,29.318654523381454,0.09,-0.06833333333333333,-0.002948426995476494,0
2014-12-01,4.50794857041697,-0.5867025,-0.19863,-0.17603749999999999,29.515332882231373,0.12,-0.09090909090909091,-0.04945148149873493,0
2015-01-01,5.3936129700876965,-0.507958,-0.128316,-0.23773,29.17467116535153,0.11,-0.08249999999999999,-0.04682934377363008,0
2015-02-01,13.307237573508315,-0.49467,-0.11209,-0.30305,29.719916695619265,0.11,-0.09210526315789473,-0.033349799573162364,0
2015-03-01,4.613932733677249,-0.52573,-0.11851249999999999,-0.29638,29.418369171807658,0.11,-0.08227272727272728,-0.03643632314207971,0
2015-04-01,4.206477564825869,-0.55225,-0.11562249999999999,-0.2449775,29.480373846198756,0.12,-0.09681818181818182,-0.02725050845577608,0
2015-05-01,2.7486455403655783,-0.563596,-0.112208,-0.21950799999999998,29.489896186353253,0.12,-0.1035,-0.01772688169712492,0
2015-06-01,6.073270879722471,-0.5620025,-0.103085,-0.2401,29.142936079173243,0.13,-0.115,-0.03434366743016227,0
2015-07-01,14.327005350509033,-0.555698,-0.061217999999999995,-0.195032,29.01170386423891,0.13,-0.09772727272727273,-0.039487151401395006,0
2015-08-01,5.569437113295891,-0.5095075,0.00764,-0.033174999999999996,28.252525181771908,0.14,-0.06809523809523811,-0.12247920403191993,1
2015-09-01,6.4516176872646405,-0.4795,0.045505,0.093275,26.93610526853825,0.14,-0.11571428571428573,-0.11582592815432521,1
2015-10-01,9.803777344336165,-0.53951,0.045877999999999995,0.06956599999999999,28.028090261451542,0.12,-0.10333333333333333,-0.0960682241966817,1
2015-11-01,2.7842250747131176,-0.5743050000000001,0.0684525,-0.0522025,28.832783137035225,0.12,0.006315789473684219,-0.04111783561104875,0
2015-12-01,6.044154811117343,-0.5216975,0.13959,-0.098215,28.544376783609163,0.24,-0.011363636363636354,-0.04940775541849405,0
2016-01-01,11.91827135702243,-0.47426,0.22302399999999997,-0.008058,26.611684960823272,0.34,-0.08263157894736844,-0.11871327400858628,1
2016-02-01,13.451532766571704,-0.477705,0.24246499999999999,0.1081075,26.38956204045428,0.38,-0.0655,-0.1300989437056365,1
2016-03-01,4.406071756123172,-0.5104,0.187485,0.13569,27.893951322288917,0.36,-0.06272727272727269,-0.05910688716186435,0
2016-04-01,8.458206601502111,-0.52694,0.149852,0.073244,28.495838319794828,0.37,-0.1419047619047619,-0.01764643038380385,0
2016-05-01,3.864498261397344,-0.5250125,0.16252,0.0152225,28.24329283796464,0.37,-0.09333333333333332,-0.029661275769529566,0
2016-06-01,7.770315262781357,-0.5123,0.18091000000000002,0.0537575,28.40074288458177,0.38,-0.1072727272727273,-0.05595722354916799,0
2016-07-01,5.1109891613188605,-0.49589,0.16781200000000002,0.11368,29.33464911597546,0.39,-0.08899999999999997,-0.0144258308490543,0
2016-08-01,7.082807945193605,-0.472465,0.139825,0.086985,29.60932774413774,0.4,-0.1004347826086957,-0.009638547233072793,0
2016-09-01,4.57470204343752,-0.454692,0.156832,-0.036404000000000006,29.360965010602897,0.4,-0.10571428571428576,-0.029395194704985722,0
2016-10-01,4.664441652339091,-0.473905,0.15150750000000002,-0.2663125,29.132461051587633,0.4,-0.0685,-0.02922174410596806,0
2016-11-01,21.723722444394724,-0.49359,0.1055975,-0.55999,29.48299745179278,0.41,0.04250000000000004,-0.0479282128546513,0
2016-12-01,3.6265052029525293,-0.5023099999999999,0.05009400000000001,-0.799106,30.58614185944884,0.54,-0.028095238095238173,-0.014477969557112788,0
2017-01-01,4.742242746125592,-0.5117125,0.0062375,-0.81677,30.792138471115763,0.65,-0.131,-0.008484273204814383,0
2017-02-01,6.127494616125601,-0.5165425,-0.013015,-0.7037424999999999,31.42748536210966,0.66,-0.13368421052631585,-0.008188441112524118,0
2017-03-01,2.5688682968879135,-0.525586,-0.0027319999999999996,-0.548154,31.886026295005642,0.79,-0.042173913043478284,-0.022692312865529255,0
2017-04-01,2.1420926820984114,-0.5561425,-0.0042675,-0.422585,31.670821333081467,0.9,-0.0915789473684211,-0.027967917184811834,0
2017-05-01,3.3459759931280697,-0.608825,-0.01822,-0.38119749999999997,32.10312156891897,0.91,-0.006818181818181834,-0.0188526248683549,0
2017-06-01,8.41697032412384,-0.635914,-0.04478,-0.39384600000000003,32.56258379440214,1.04,-0.040909090909090895,-0.013890619234714368,0
2017-07-01,2.1247678366027136,-0.63569,-0.0687625,-0.3928025,32.822440838488504,1.15,-0.06349999999999989,-0.017815640619135206,0
2017-08-01,5.4438769975234775,-0.6316325,-0.0628925,-0.36667,32.71012686224204,1.16,-0.12782608695652153,-0.02231433838489552,0
2017-09-01,5.9400655501531,-0.624654,-0.065056,-0.376402,32.97028077070135,1.15,-0.10349999999999993,-0.009294901979539662,0
2017-10-01,6.706107111241401,-0.63118,-0.093665,-0.45262,33.77535045295933,1.15,-0.05666666666666664,-0.007013043156751099,0
2017-11-01,5.440236217183185,-0.65125,-0.0964975,-0.527685,34.1729359722271,1.16,0.0904761904761906,-0.011470858921685057,0
2017-12-01,8.077983865118913,-0.671824,-0.08939,-0.562994,35.017141106605784,1.3,0.04150000000000009,-0.0069157714038689515,0
2018-01-01,6.902500261004505,-0.6664625,-0.10199,-0.573375,36.33394041169585,1.41,0.02238095238095239,-0.01755741940615653,0
2018-02-01,9.944354808693374,-0.5998125,-0.084325,-0.6321575,34.9340847841563,1.42,0.16789473684210532,-0.10159530548956275,1
2018-03-01,4.36764250197892,-0.533496,-0.03773,-0.72691,34.67572864730247,1.51,0.21666666666666656,-0.09906821255828452,1
2018-04-01,11.904587099359443,-0.550945,-0.03295,-0.700395,33.75372125069347,1.69,0.09809523809523801,-0.10128903239798234,1
2018-05-01,5.308080584561497,-0.6098175,-0.0554125,-0.4940875,34.044187061418896,1.7,0.19954545454545447,-0.06602104192206304,1
2018-06-01,10.426087748673334,-0.61571,-0.06253600000000001,-0.186134,34.45891963367428,1.82,0.11523809523809514,-0.031297060045354604,0
2018-07-01,8.27270456735863,-0.62617,-0.0648025,0.007165000000000001,34.73177757132532,1.91,0.08476190476190482,-0.026420555240860705,0
2018-08-01,5.982024978009589,-0.678206,-0.077558,0.10790999999999999,35.27462940829561,1.91,0.16260869565217395,-0.01402152728542388,0
2018-09-01,6.271194883977625,-0.6993849999999999,-0.08867,0.21624749999999998,35.522018512241395,1.95,0.21526315789473682,-0.014536556414476385,0
2018-10-01,16.30064530284198,-0.664,-0.0800225,0.293645,33.79374384993607,2.19,0.10318181818181849,-0.09878017572293782,1
2018-11-01,4.850753476467471,-0.589976,-0.021784,0.328834,32.880333947031986,2.2,0.17399999999999993,-0.1017452670498166,1
2018-12-01,13.447544769269308,-0.5385125,0.046245,0.29044000000000003,30.81833509502231,2.27,0.1421052631578945,-0.19634522192436232,2
2019-01-01,10.23884433421538,-0.57786,0.028205,0.15351,30.92910569429333,2.4,0.023809523809523725,-0.16326046248112622,2
2019-02-01,6.179998785913509,-0.6606775,-0.02634,-0.003765000000000001,32.20864001068951,2.4,0.0378947368421052,-0.03832411638935724,0
2019-03-01,7.0493259986124865,-0.715296,-0.04961600000000001,-0.10828600000000002,32.26103863164944,2.41,0.04380952380952374,-0.02162146111508672,0
2019-04-01,5.188513300679069,-0.7308325,-0.05462,-0.14228,32.88369036371971,2.42,0.0128571428571429,-0.006067494393846628,0
2019-05-01,6.37314239152418,-0.7143539999999999,-0.044011999999999996,-0.11667799999999999,31.926648340129923,2.39,0.013181818181818183,-0.0657777313668354,1
2019-06-01,5.898705477098453,-0.6930925,-0.0311975,-0.06516999999999999,31.987942034596227,2.38,-0.16049999999999986,-0.06836108044673847,1
2019-07-01,3.85161686448567,-0.705215,-0.0214175,-0.0143475,32.770388154606195,2.4,-0.2549999999999999,-0.015030511323977081,0
2019-08-01,8.075649418228984,-0.68582,0.011732000000000001,0.047628000000000004,31.38611285417005,2.13,-0.13954545454545442,-0.06122556998296665,0
2019-09-01,4.5245689601151335,-0.6454125000000001,0.026619999999999998,0.0818425,31.974134120476883,2.04,-0.10550000000000015,-0.039522675750042986,0
2019-10-01,4.287501378820039,-0.6542675,0.0009425000000000006,0.0682125,31.56428123057067,1.83,-0.15136363636363637,-0.04568948830810067,0
2019-11-01,5.9175170001606485,-0.69192,-0.021866000000000003,0.065744,32.663322842582,1.55,0.02210526315789485,-0.00592242549266549,0
2019-12-01,5.293171734052391,-0.67466,-0.0359275,0.14303,33.20928757730657,1.55,0.015238095238095495,-0.019162024044093534,0
2020-01-01,12.334611750644486,-0.714908,-0.086678,0.306596,33.92315839928782,1.55,0.0023809523809523725,-0.031264857248694905,0
2020-02-01,13.456257375415682,-0.543515,0.03195,0.5749225,33.64365273159247,1.58,-0.035263157894736885,-0.12755782942204105,1
2020-03-01,39.79073249494369,-0.0264775,0.414505,0.8489975,27.18163367791651,0.65,-0.35454545454545455,-0.3392496000265327,2
2020-04-01,44.591179428393325,0.07842500000000001,0.6158275,0.9433225000000001,28.407962507549225,0.05,0.0880952380952381,-0.27041032699408135,2
2020-05-01,7.817688561891761,-0.32495799999999997,0.42595600000000006,0.75014,29.951773296263568,0.05,0.0775,-0.1671957588032015,2
2020-06-01,8.955677497318813,-0.527435,0.189375,0.43471750000000003,31.613284503327368,0.08,0.07954545454545454,-0.07124443602878548,1
2020-07-01,13.960419802506447,-0.582352,0.085054,0.290576,32.45334133725329,0.09,0.03681818181818183,-0.03605065880938852,0
2020-08-01,14.923422909027789,-0.6303825000000001,0.0137375,0.361535,34.165665199989746,0.1,0.004285714285714282,-0.007969132154236065,0
2020-09-01,18.953876608354015,-0.6205025,-0.007917500000000001,0.4867175,33.81900485029863,0.09,0.018571428571428572,-0.09604454752912996,1
2020-10-01,12.769442610585854,-0.609926,-0.015182000000000001,0.551912,34.30790857534534,0.09,0.010476190476190472,-0.08681765153502177,1
2020-11-01,25.198729202649947,-0.65064,-0.04954,0.461115,35.612031301968514,0.09,0.0010526315789473745,-0.07556888635472496,1
2020-12-01,7.148309229669897,-0.6954625,-0.0803325,0.289845,37.026596400604234,0.09,-0.002727272727272731,-0.014791008107400905,0
2021-01-01,10.163863321744998,-0.7021240000000001,-0.108094,0.060936000000000004,37.84118046785665,0.09,-0.006315789473684205,-0.03660361503347834,0
2021-02-01,28.356138792339543,-0.67821,-0.1291,-0.253575,38.48063819275209,0.08,-0.03736842105263158,-0.03143215166236232,0
2021-03-01,10.772108806196126,-0.665795,-0.147055,-0.5240175,38.40068007630647,0.07,-0.038695652173913055,-0.042278854262786325,0
2021-04-01,4.76293325609757,-0.68975,-0.17580400000000002,-0.62464,40.21974943627475,0.07,-0.0490909090909091,-0.01207278294761115,0
2021-05-01,10.445156630489913,-0.7217975,-0.1837725,-0.5770124999999999,40.01469143768443,0.06,-0.041999999999999996,-0.04006049583745031,0
2021-06-01,11.26456862552042,-0.7402425,-0.169295,-0.456845,40.14804952173046,0.08,-0.04409090909090909,-0.020845260229820323,0
2021-07-01,7.179196338747239,-0.7333320000000001,-0.151474,-0.25969800000000004,40.93735604211509,0.1,-0.04761904761904762,-0.028768596622478958,0
2021-08-01,5.8763261686628,-0.72419,-0.1359,-0.1562525,41.48683671871963,0.09,-0.035454545454545454,-0.01773327784587756,0
2021-09-01,15.858278026109856,-0.722035,-0.1364425,-0.23734499999999997,41.070676530740485,0.08,-0.0380952380952381,-0.05056483901609118,0
2021-10-01,8.563201366824124,-0.685022,-0.135036,-0.389578,40.63888788640219,0.08,-0.027999999999999997,-0.05212537590104862,0
2021-11-01,7.931549633143217,-0.5959075,-0.11544,-0.4081125,42.05485761785895,0.08,-0.028499999999999998,-0.02923559751229333,0
2021-12-01,17.21433414800693,-0.56719,-0.098232,-0.358176,41.717265819554655,0.08,-0.021363636363636362,-0.04070536086630082,0
2022-01-01,29.48196012162058,-0.5885475,-0.0756475,-0.41389,40.19425483317652,0.08,0.06550000000000002,-0.09799737462404647,1
2022-02-01,10.212480727765396,-0.5066325,-0.0179325,-0.5345150000000001,38.370495009112204,0.08,0.2347368421052632,-0.11905616767387517,1
2022-03-01,20.98222983692226,-0.398215,0.041005,-0.5905024999999999,37.2394117416022,0.2,0.24739130434782614,-0.13048098129406907,1
2022-04-01,27.520997736584494,-0.369564,0.072404,-0.459328,36.80085234837285,0.33,0.43349999999999994,-0.10788278593565327,1
2022-05-01,23.956086325323845,-0.3169175,0.11790500000000001,-0.173635,33.2921108950378,0.77,0.22285714285714286,-0.15778781483391996,1
2022-06-01,17.689089541595976,-0.243425,0.1807925,0.0578875,31.51550355520463,1.21,0.32857142857142874,-0.20831463377272952,2
2022-07-01,21.441913237842474,-0.24162,0.196448,0.14124799999999998,31.45772714906695,1.68,0.6180000000000001,-0.16525627934992015,2
2022-08-01,5.381486079027209,-0.265535,0.1658525,0.0768325,33.28189040223445,2.33,0.3917391304347828,-0.08134353326792974,1
2022-09-01,13.557483253681717,-0.17584,0.208598,0.008566,30.597432345703776,2.56,0.6619047619047618,-0.16714207132771164,2
2022-10-01,30.830511384044033,-0.1362025,0.243815,-0.045992500000000006,29.34699833609664,3.08,0.7925,-0.16913735319636386,2
2022-11-01,14.935037269214297,-0.181745,0.2109075,-0.1228425,30.747932135302165,3.78,0.5430000000000006,-0.13595425907758263,1
2022-12-01,13.27909779487884,-0.232212,0.18818200000000002,-0.25352800000000003,30.676157998177388,4.1,0.2580952380952386,-0.07276522664883371,1
2023-01-01,21.715777544599536,-0.3247875,0.161555,-0.4012025,30.691634492755615,4.33,0.35749999999999993,-0.06666732088205866,1
2023-02-01,8.317575676606824,-0.33216,0.146505,-0.39443,31.320528304023128,4.57,0.21789473684210492,-0.05017506706659745,0
2023-03-01,20.787902237389673,-0.22561,0.193038,-0.087784,30.254655354508103,4.65,0.20869565217391273,-0.07751635836202832,1
2023-04-01,13.489368592143142,-0.24596,0.21549000000000001,0.43552,31.14569691360013,4.83,0.24350000000000005,-0.029611695966004326,0
2023-05-01,23.357346559775692,-0.318605,0.19196,0.9074375,31.138125637345347,5.06,0.24818181818181895,-0.02596487098457155,0
2023-06-01,16.4084843677273,-0.33568600000000004,0.161824,1.109246,32.4065433609909,5.08,0.3357142857142854,-0.021921267591338157,0
2023-07-01,7.963439380353371,-0.362355,0.1433425,0.829975,33.42787552695763,5.12,0.36850000000000005,-0.012712042720213637,0
2023-08-01,9.252471843748621,-0.4127925,0.1303525,0.38752749999999997,32.78476908983149,5.33,0.22913043478260864,-0.04777771038891531,0
2023-09-01,10.95810944373519,-0.417316,0.127686,0.109528,32.231075598026564,5.33,0.22550000000000026,-0.06873674611813552,1
2023-10-01,8.158327533609683,-0.36609,0.13094,0.08435999999999999,31.11079609003049,5.33,0.2747619047619052,-0.10036857434053871,1
2023-11-01,11.318453336921179,-0.36750499999999997,0.1112375,0.1051825,32.44808051000208,5.33,0.19285714285714306,-0.06209667092259205,0
2023-12-01,8.303040522757602,-0.40460399999999996,0.073934,0.061612,33.99271328886765,5.33,0.1120000000000001,-0.014684266911006796,0
2024-01-01,13.688860887060127,-0.4314075,0.039915,-0.0278375,34.62030547506772,5.33,0.12380952380952337,-0.01979155193373499,0
2024-02-01,7.314994357103519,-0.458325,0.0165825,-0.0862275,35.67760688980594,5.33,0.11050000000000004,-0.014610233020612857,0
2024-03-01,8.36941199349185,-0.47609200000000007,0.0013120000000000002,-0.12929600000000002,36.437339841163165,5.33,0.1385000000000005,-0.011374199913694283,0
2024-04-01,5.105493424724303,-0.44177,-0.0039375,-0.1801225,35.76160087570022,5.33,0.1136363636363642,-0.054644268434943556,0
2024-05-01,11.623785917812372,-0.416276,-0.012716,-0.17798799999999998,36.42899686950662,5.33,0.125,-0.04490754452063483,0
2024-06-01,12.362301333535857,-0.398965,-0.00969,-0.09621750000000001,37.5312211182834,5.33,0.17631578947368443,-0.007142891224350923,0
2024-07-01,10.47421833579521,-0.3727625,0.0014299999999999998,-0.07456,38.1964968989152,5.33,0.10181818181818159,-0.047286132699247814,0
2024-08-01,10.097394860017902,-0.37175199999999997,0.002926,-0.18106,37.615646194918924,5.33,-0.03454545454545421,-0.08485144350207377,1
2024-09-01,11.736845181062142,-0.40868000000000004,-0.0196775,-0.3127,38.39592678594198,5.13,-0.20800000000000018,-0.04566280782731911,0
2024-10-01,6.004863698471357,-0.4204025,-0.05027,-0.33438999999999997,39.3752260980707,4.83,-0.11181818181818226,-0.027148966384044286,0
2024-11-01,15.381534369530469,-0.453094,-0.07336400000000001,-0.25261,40.17663215195987,4.64,-0.019999999999999574,-0.025914498598100185,0
2024-12-01,15.568111210075331,-0.4890225,-0.0732,-0.228655,40.544844739398236,4.48,-0.08904761904762015,-0.03664696978795503,0
2025-01-01,4.682830154124411,-0.5118199999999999,-0.069024,-0.354444,39.89996941138797,4.33,0.012857142857143344,-0.043221397347668014,0
2025-02-01,11.659511441820403,-0.50512,-0.0506375,-0.4631275,39.943400167691706,4.33,0.002105263157894832,-0.04599172914339328,0
2025-03-01,6.022467001313707,-0.45053750000000004,-0.00622,-0.4517975,37.348615407456585,4.33,0.005714285714285339,-0.10133702671788515,1
2025-04-01,7.997324644603517,-0.40304249999999997,0.01788,-0.419015,35.015341345574356,4.33,-0.0076190476190483025,-0.18902206184284007,2
2025-05-01,10.374251806218984,-0.44660599999999995,-0.008484,-0.45582399999999995,37.63733627717604,4.33,0.03142857142857114,-0.0878900701005045,1
2025-06-01,7.77793210036066,-0.50359,-0.03616,-0.52018,38.73262487946787,4.33,0.09100000000000019,-0.012806715488924205,0
2025-07-01,7.594024668919677,-0.538555,-0.048125,-0.52573,40.13746633233392,4.33,0.08227272727272794,-0.00857255564474609,0
2025-08-01,8.340420416917688,-0.5666059999999999,-0.054288,-0.44136600000000004,40.62786904510087,4.33,-0.025238095238094616,-0.023750503295482152,0
