,financial_turbulence,nfc_risk,nfc_credit,nfc_leverage,TR CAPE,effr,t3m effr spread,sp_3m_drawdown,regime,real_gdp_growth_monthly,cpi_1y,cpi_10y
2000-01-01,22.841073534858914,-0.25857,0.0584775,1.3176025,47.58768727292153,5.45,0.04900000000000038,-0.07424874311404628,1,50.16700000000128,0.021070615034168627,0.031021560366968126
2000-02-01,40.765226998896765,-0.2469675,0.025660000000000002,1.3510575,45.80769532187176,5.73,-0.0030000000000001137,-0.09248937529245363,1,50.16700000000128,0.021640091116173155,0.03061189722918667
2000-03-01,24.338714192051643,-0.155668,0.063858,1.181748,46.876009335888135,5.85,0.0139130434782615,-0.07733878161157903,1,50.16700000000128,0.024473534433693933,0.03033659210057582
2000-04-01,17.526428903633075,-0.03334,0.11938499999999999,0.8763025,47.1554068552447,6.02,-0.19842105263157883,-0.1118850292081357,1,252.7609999999986,0.022688598979013097,0.030123021053924726
2000-05-01,30.346907774752875,0.0613775,0.159085,0.6025975,45.41303810500988,6.27,-0.2754545454545454,-0.1005590846987985,1,252.7609999999986,0.023796033994334165,0.030044264901778917
2000-06-01,40.56489575806884,0.068576,0.203618,0.35604399999999997,46.24558748583612,6.53,-0.668181818181818,-0.05406008798361288,0,252.7609999999986,0.025481313703284325,0.029736981630893444
2000-07-01,20.784658218994895,-0.062615,0.2254775,0.0639475,46.17072813184035,6.54,-0.39749999999999996,-0.05998052034219675,0,14.404000000000451,0.024844720496894457,0.02943205150775552
2000-08-01,34.25711308962665,-0.17288,0.218815,-0.28074,46.242113523646914,6.5,-0.22260869565217423,-0.04792485558756011,0,14.404000000000451,0.025944726452340694,0.029054082560639793
2000-09-01,40.37384583542939,-0.18578999999999998,0.208514,-0.597842,45.147501501622976,6.52,-0.34499999999999975,-0.0619423529083135,0,14.404000000000451,0.0253093363329584,0.028904155850737245
2000-10-01,21.84643738994965,-0.16788999999999998,0.25645,-0.7962625000000001,42.38264022989001,6.51,-0.215238095238095,-0.1255876876723571,1,84.45299999999952,0.025266704098820814,0.02869880167970784
2000-11-01,26.15235378278654,-0.16778,0.410935,-1.0398525,41.713360280388024,6.51,-0.1538095238095245,-0.13533937789148115,1,84.45299999999952,0.026345291479820565,0.02868149127916597
2000-12-01,27.62448391378501,-0.154832,0.5941219999999999,-1.4763519999999999,40.05987947359607,6.4,-0.46300000000000097,-0.13272397372511283,1,84.45299999999952,0.025741466144376224,0.028347563631597072
2001-01-01,31.62148764467111,-0.23545,0.571755,-1.8274275,39.71280978944716,5.98,-0.6947619047619051,-0.10653215713131542,1,-46.64499999999862,0.025655326268823275,0.028018078568930127
2001-02-01,29.530744979662412,-0.3121625,0.4627425,-1.9441025,38.458570743648075,5.49,-0.4847368421052636,-0.10162296386587726,1,-46.64499999999862,0.027870680044593144,0.027782669460840292
2001-03-01,17.85133037830886,-0.27376,0.385276,-1.967326,34.67522463031594,5.31,-0.7745454545454544,-0.18646315364439953,2,-46.64499999999862,0.026111111111110974,0.02773005469789025
2001-04-01,17.949331853659547,-0.2867225,0.30427000000000004,-1.9470325,34.49609962461754,4.8,-0.8339999999999996,-0.19689457485411774,2,88.5739999999987,0.0266222961730449,0.027660212767184333
2001-05-01,7.830679511384573,-0.381535,0.23032999999999998,-1.9370875,36.51742856121197,4.21,-0.5068181818181818,-0.0780693474645293,1,88.5739999999987,0.0254565578306587,0.027479878635575217
2001-06-01,13.612132976649876,-0.44952,0.205428,-1.970656,35.4268593226745,3.97,-0.40476190476190466,-0.07952279109892667,1,88.5739999999987,0.02705687465488693,0.02750435514325944
2001-07-01,11.961792923190762,-0.5005625,0.196085,-1.964105,34.44859395765035,3.77,-0.1766666666666672,-0.10753862751951403,1,-57.177999999999884,0.026997245179063434,0.027363425893757176
2001-08-01,11.80146682899898,-0.486224,0.194234,-1.8552419999999998,33.63139016318308,3.65,-0.21217391304347766,-0.1203985162156366,1,-57.177999999999884,0.02638812534359536,0.02709640451082662
2001-09-01,20.444685983131713,-0.38492000000000004,0.2597,-1.739255,29.631910124299587,3.07,-0.37764705882352967,-0.21926537759852344,2,-57.177999999999884,0.026330224904004274,0.0269574826334118
2001-10-01,10.243298251688987,-0.402825,0.3081175,-1.6861375,30.610210495719638,2.49,-0.29227272727272746,-0.160238313093895,2,39.0580000000009,0.026286966046002336,0.026907396222357605
2001-11-01,21.90895521712909,-0.437462,0.29881,-1.599042,32.14309653485236,2.09,-0.18349999999999977,-0.11193940152698137,1,39.0580000000009,0.02730748225013646,0.0269335759927396
2001-12-01,23.35506781302516,-0.41227,0.26899,-1.4379225,32.6779626749301,1.82,-0.10000000000000009,-0.04355105034082374,0,39.0580000000009,0.02782324058919805,0.02674178500195734
2002-01-01,24.972086832748136,-0.4739025,0.1981675,-1.2659075,32.44567789769129,1.73,-0.04523809523809508,-0.06129584781246662,0,119.21099999999933,0.026101141924959048,0.026621721139735044
2002-02-01,20.48923190818286,-0.5406875,0.131955,-1.14651,31.176385637974693,1.74,0.01684210526315799,-0.07875409595758631,1,119.21099999999933,0.025488069414316694,0.026627071709041994
2002-03-01,16.9070941197472,-0.54149,0.095646,-1.17549,32.47580925284801,1.73,0.09499999999999997,-0.034737426656930276,0,119.21099999999933,0.024363833243096877,0.026328960992942685
2002-04-01,16.98839988474664,-0.5647025,0.0264575,-1.2840475,31.10469039970416,1.75,-0.004999999999999893,-0.08958470498015232,1,88.0630000000001,0.02485143165856285,0.026318838137183276
2002-05-01,14.339903854770506,-0.626118,-0.039924,-1.332602,30.17198413754154,1.75,0.010454545454545272,-0.10322231651642179,1,88.0630000000001,0.025364274150026844,0.026130873465717075
2002-06-01,22.144579968561423,-0.5906475,0.005024999999999999,-1.3516675,28.315227417431363,1.75,-0.018000000000000016,-0.15152649328644674,1,88.0630000000001,0.022580645161290214,0.02602934966463799
2002-07-01,22.962182097395385,-0.495715,0.1039075,-1.36336,25.18961957634528,1.73,-0.016363636363636136,-0.2791367743736063,2,58.784999999999854,0.021995708154506355,0.025842912437052057
2002-08-01,6.201273250800386,-0.427148,0.168296,-1.295876,25.33599707398658,1.74,-0.09272727272727255,-0.2457911228507747,2,58.784999999999854,0.023567220139260936,0.025957218132861337
2002-09-01,16.46945827710676,-0.3969,0.1887175,-1.1386775,24.033754017347945,1.75,-0.09099999999999997,-0.17567717344590944,2,58.784999999999854,0.022447888829502993,0.025925893433089486
2002-10-01,31.460994409409867,-0.4129075,0.189,-1.012035,23.606572751994403,1.75,-0.1399999999999999,-0.1931442817946276,2,17.947000000000116,0.02187833511205972,0.025549399618997937
2002-11-01,21.751279405885803,-0.4952,0.16191,-0.866184,25.114358041300346,1.34,-0.08526315789473693,-0.0898618558935063,1,17.947000000000116,0.020202020202020332,0.025488076574767815
2002-12-01,8.81282178242728,-0.5445475,0.120315,-0.68116,24.860432504266157,1.24,-0.02904761904761899,-0.067602512630306,1,17.947000000000116,0.019639065817409707,0.025320350079012233
2003-01-01,6.003419988430464,-0.573966,0.055035999999999995,-0.541262,24.653867027835656,1.24,-0.05095238095238108,-0.10039729702285319,1,76.5609999999997,0.019607843137255054,0.02513824837545653
2003-02-01,5.933234781305753,-0.5975675,0.013145,-0.5218700000000001,22.85382611436557,1.26,-0.07473684210526321,-0.1294108882293492,1,76.5609999999997,0.017979904812268632,0.024850638910346
2003-03-01,4.850477737658328,-0.6261025,-0.0146325,-0.6338349999999999,22.96962365120128,1.25,-0.09904761904761905,-0.14053409661238037,1,76.5609999999997,0.01744186046511631,0.024714635886283975
2003-04-01,14.982782052893821,-0.704275,-0.0555675,-0.7820175,24.186166302446413,1.26,-0.10761904761904773,-0.07854796254558917,1,129.42599999999948,0.014760147601476037,0.02430781422203765
2003-05-01,12.520644106796835,-0.787022,-0.06642,-0.87097,25.450023010176366,1.26,-0.17190476190476178,-0.028457649368568805,0,129.42599999999948,0.015263157894736867,0.024250172125403147
2003-06-01,2.6045137843812647,-0.7933825,-0.07638249999999999,-0.8883475,26.79657051690989,1.22,-0.28380952380952373,-0.03673168271057253,0,129.42599999999948,0.014721345951629994,0.024101045468082116
2003-07-01,14.271770023413396,-0.7488775,-0.1399525,-0.8461575,26.841910907521097,1.01,-0.0895454545454546,-0.03248125479297573,0,245.21500000000015,0.01522309711286085,0.024178504587890615
2003-08-01,7.660130608993888,-0.691598,-0.194308,-0.6890639999999999,26.60610888376364,1.03,-0.06095238095238109,-0.04566746970157593,0,245.21500000000015,0.013082155939298845,0.023948702155278
2003-09-01,9.952741973365764,-0.6912775,-0.207645,-0.54376,27.26141054955714,1.01,-0.05476190476190479,-0.04194962118841428,0,245.21500000000015,0.012545739675901668,0.02393458807891613
2003-10-01,8.97237384604128,-0.706156,-0.23379599999999998,-0.519344,27.74090541797265,1.01,-0.06818181818181823,-0.020546746045995188,0,173.97800000000097,0.01305483028720622,0.023758774422639073
2003-11-01,3.8334044555779396,-0.7143525,-0.261255,-0.4659125,28.030020810958018,1.0,-0.0477777777777777,-0.023956105313681347,0,173.97800000000097,0.010943199583116181,0.023425681964962974
2003-12-01,8.437083839544199,-0.726335,-0.2830875,-0.3874475,28.775402120617297,0.98,-0.06545454545454543,-0.010344584102318585,0,173.97800000000097,0.010931806350858997,0.02326549545651968
2004-01-01,9.72308382964285,-0.757488,-0.325488,-0.44073399999999996,29.879678114424998,1.0,-0.09949999999999992,-0.02327394234061798,0,85.92000000000007,0.011434511434511352,0.023343499597155093
2004-02-01,11.814764032486051,-0.7950325,-0.339765,-0.606745,29.869912101543246,1.01,-0.06526315789473691,-0.02497033479133348,0,85.92000000000007,0.012467532467532516,0.02330262520299109
2004-03-01,2.5350742232691865,-0.79857,-0.3379,-0.641955,29.0437145573543,1.0,-0.04652173913043478,-0.05737808626192357,0,85.92000000000007,0.01558441558441559,0.023287173850412568
2004-04-01,10.424020172590161,-0.7424839999999999,-0.356686,-0.47098399999999996,29.058291817756967,1.0,-0.04190476190476189,-0.04358412841337907,0,118.17000000000007,0.017662337662337713,0.02336463389685739
2004-05-01,7.411524972724099,-0.68062,-0.3456525,-0.28236,27.980644843237357,1.0,0.03949999999999987,-0.06289439576692912,0,118.17000000000007,0.01710730948678063,0.023258330021939777
2004-06-01,9.703707290078105,-0.6657375000000001,-0.31887750000000004,-0.224515,28.517933395288196,1.03,0.25809523809523816,-0.03476649829054499,0,118.17000000000007,0.01865284974093262,0.023139087317797236
2004-07-01,8.412866133291946,-0.674832,-0.302664,-0.250508,27.755514536330775,1.26,0.09761904761904772,-0.05243615652348343,0,145.76900000000023,0.0175801447776629,0.0230470555591078
2004-08-01,4.893074296840125,-0.6980175,-0.27281,-0.2907725,27.192500070259676,1.43,0.07318181818181824,-0.0706519535559648,1,145.76900000000023,0.017045454545454586,0.022838232572969464
2004-09-01,6.625490988925079,-0.7190175,-0.243755,-0.267945,27.725340561354155,1.61,0.0714285714285714,-0.033346172805783954,0,145.76900000000023,0.01961796592669085,0.02288934361293471
2004-10-01,4.637469072186298,-0.729252,-0.24693199999999998,-0.176732,27.447302225242783,1.76,0.034499999999999975,-0.04137296789092908,0,158.2609999999986,0.020103092783505083,0.022901650899381787
2004-11-01,3.801135553358282,-0.7426875,-0.261745,-0.11448749999999999,28.582705258099505,1.93,0.1775,-0.011679131891330552,0,158.2609999999986,0.02216494845360839,0.022849232214899873
2004-12-01,3.709290606182934,-0.733002,-0.254244,-0.129778,29.312639184857183,2.16,0.06272727272727296,-0.012003029190539917,0,158.2609999999986,0.022657054582904346,0.022939226912725097
2005-01-01,3.474713897129812,-0.72894,-0.2410725,-0.14751999999999998,28.707356524065613,2.28,0.09100000000000019,-0.04103666665929011,0,173.84700000000157,0.02261048304213764,0.02269373436643707
2005-02-01,12.540243106454145,-0.7451825,-0.2424825,-0.12277249999999999,28.874110081209487,2.5,0.07947368421052614,-0.024218213889751164,0,173.84700000000157,0.02308876346844535,0.022642137564790055
2005-03-01,5.381919952479224,-0.7167325,-0.22969,-0.0755425,28.433346549933503,2.63,0.165909090909091,-0.04892645157176815,0,173.84700000000157,0.0235294117647058,0.022680234821080836
2005-04-01,8.531563585551575,-0.675404,-0.170282,-0.012328,27.427971644284614,2.79,0.046666666666666856,-0.0716635417932722,1,78.05499999999847,0.021949974476773715,0.0224120771751517
2005-05-01,7.089591530715613,-0.6698975,-0.11359,0.0429175,27.68699539199909,3.0,-0.09809523809523801,-0.05815671655173376,0,78.05499999999847,0.021916411824668858,0.022374126204386613
2005-06-01,9.54125878885513,-0.6744425000000001,-0.1077425,0.0941625,28.13606784076823,3.04,-0.003636363636363882,-0.02390418560353227,0,78.05499999999847,0.020345879959308144,0.022170960919183802
2005-07-01,5.011933386369232,-0.687092,-0.115168,0.156674,28.36990506263924,3.26,0.027500000000000302,-0.018505144174095448,0,124.80500000000029,0.02083333333333326,0.022133543057130778
2005-08-01,5.05507541294321,-0.6908274999999999,-0.10675,0.17877,28.168980742317395,3.5,0.01826086956521733,-0.03207934060228045,0,124.80500000000029,0.021330624682579957,0.021982255611499246
2005-09-01,3.540903520334611,-0.644836,-0.10968800000000001,0.08852399999999999,27.762463408465543,3.62,-0.1257142857142859,-0.027983106404239948,0,124.80500000000029,0.019240506329113893,0.02183151400561001
2005-10-01,10.2206646416143,-0.6043575,-0.1323925,-0.130145,26.840542701863445,3.78,0.012499999999999734,-0.05477741365935615,0,89.14700000000084,0.02071753410813537,0.02187172307095353
2005-11-01,5.554164516408044,-0.590375,-0.1385475,-0.3237325,27.977205472367196,4.0,-0.025500000000000078,-0.03118855826294143,0,89.14700000000084,0.021180030257186067,0.021936103279439623
2005-12-01,3.048197924696266,-0.5774739999999999,-0.11958600000000001,-0.362336,28.527159043907623,4.16,-0.18904761904761935,-0.019210483963321166,0,89.14700000000084,0.021148036253776592,0.022024716783777487
2006-01-01,9.524448495115264,-0.628135,-0.10713249999999999,-0.2874525,28.55131189134446,4.29,0.04600000000000026,-0.02525928550886476,0,217.10099999999875,0.021105527638190846,0.02185083092820639
2006-02-01,8.533947362067197,-0.6725125000000001,-0.1189325,-0.29764999999999997,28.31295322067143,4.49,0.049473684210526336,-0.030444005299793256,0,217.10099999999875,0.02106318956870612,0.021864689927722614
2006-03-01,8.354127394710975,-0.66003,-0.139318,-0.398766,28.39507373397662,4.59,0.0378260869565219,-0.016960602336010176,0,217.10099999999875,0.020989505247376306,0.02196648931109535
2006-04-01,3.6960689330696006,-0.6377375,-0.1466875,-0.4798875,28.19840385660735,4.79,-0.06842105263157894,-0.019999162346546542,0,42.31600000000253,0.022977022977023198,0.022092054367908398
2006-05-01,5.086148110130759,-0.600255,-0.1416375,-0.5142,27.661895284857184,4.94,-0.10363636363636353,-0.05218143042583365,0,42.31600000000253,0.0244389027431422,0.022142978171004524
2006-06-01,3.147248049935076,-0.529482,-0.130888,-0.49882400000000005,26.69094399775157,4.99,-0.07227272727272727,-0.07698985307108448,1,42.31600000000253,0.026420737786640114,0.022144001116904954
2006-07-01,15.17334606297522,-0.549275,-0.10655,-0.456495,26.634874022226963,5.24,-0.16349999999999998,-0.06884354548255321,1,24.586999999999534,0.026879044300647026,0.022157152535584368
2006-08-01,8.674304457901062,-0.6243875,-0.0836175,-0.46574,27.0174189099733,5.25,-0.1595652173913047,-0.04136492684675819,0,24.586999999999534,0.028344107409249197,0.022219696016763768
2006-09-01,7.811727467198078,-0.651894,-0.067906,-0.49942200000000003,27.65591757527406,5.25,-0.3200000000000003,-0.014643046235484486,0,24.586999999999534,0.02930948832588176,0.0221097976354816
2006-10-01,7.095393884696898,-0.685805,-0.052402500000000005,-0.4811725,28.617660202008302,5.25,-0.20380952380952344,-0.008451630291836707,0,141.1280000000006,0.027722772277227747,0.022122927783392088
2006-11-01,6.275884269291854,-0.71525,-0.038212499999999996,-0.43981,29.034995488566945,5.25,-0.17666666666666675,-0.017839079110279037,0,141.1280000000006,0.026172839506172885,0.02197654130161486
2006-12-01,5.436772329123819,-0.707642,-0.052767999999999995,-0.385956,29.413282471660665,5.24,-0.26700000000000035,-0.01144283573271486,0,141.1280000000006,0.026134122287968298,0.022001804601065933
2007-01-01,4.889228167580083,-0.7411099999999999,-0.097025,-0.3315725,29.327838512792727,5.25,-0.1447619047619053,-0.013547394818159201,0,49.823999999996886,0.026574803149606252,0.022003150904281732
2007-02-01,9.41884176394788,-0.7454799999999999,-0.107215,-0.3302025,29.43918662944033,5.26,-0.09684210526315784,-0.04154336047428523,0,49.823999999996886,0.0271856581532417,0.022082378382426215
2007-03-01,6.15313212158875,-0.689226,-0.08043,-0.322612,28.264070221688097,5.26,-0.1800000000000006,-0.058615624962628676,0,49.823999999996886,0.025051395007342103,0.022038349736925866
2007-04-01,5.735704653227797,-0.6584475,-0.07173750000000001,-0.24732,29.06664244302986,5.25,-0.24333333333333318,-0.024066921236267948,0,101.6239999999998,0.024155273437499902,0.021895792062531116
2007-05-01,4.632524791082715,-0.6013025,-0.106615,-0.145595,29.678159305539165,5.25,-0.3822727272727269,-0.01395627733070348,0,101.6239999999998,0.022677702044790582,0.021865852711873135
2007-06-01,6.548781908359516,-0.5496000000000001,-0.139408,0.071556,29.53331815294466,5.25,-0.5080952380952386,-0.031484349664599696,0,101.6239999999998,0.02181641573579407,0.02190748838277301
2007-07-01,14.772490505096759,-0.4378475,0.007737499999999998,0.42415,29.52031070899062,5.26,-0.29904761904761834,-0.06297804317293848,0,96.27300000000105,0.021682016480853106,0.021911563515069732
2007-08-01,4.305445475008551,-0.020784000000000004,0.325988,0.7839940000000001,28.160884339006902,5.02,-0.7030434782608692,-0.09425142878970884,1,96.27300000000105,0.020884912959380886,0.02201898524168633
2007-09-01,8.37451431471972,0.09239499999999999,0.4174,1.1278175,28.781596977212033,4.94,-0.945789473684211,-0.06527674540359768,1,96.27300000000105,0.02101351351351366,0.0219888757021951
2007-10-01,11.170562638621885,-0.0765175,0.3365,1.4838,29.421547626362997,4.76,-0.7572727272727269,-0.04122289782118749,0,105.60399999999936,0.021565510597302495,0.02200131464058952
2007-11-01,9.345578388744608,0.229686,0.454182,1.8905020000000001,27.71103914337949,4.49,-1.1355,-0.10090409944571352,1,105.60399999999936,0.023387872954764077,0.022162147750452776
2007-12-01,11.653626019502903,0.4939925,0.6316875,2.1117749999999997,27.959981545763828,4.24,-1.1735000000000002,-0.0761907792479146,1,105.60399999999936,0.024353676117251366,0.02216692725299385
2008-01-01,22.032663801152662,0.292625,0.7102275,2.104635,25.886705943137205,3.94,-1.12,-0.15417780281789567,1,-72.18799999999828,0.024789069990412305,0.02221712076988802
2008-02-01,22.112063143130726,0.39451400000000003,0.9213419999999999,2.10392,25.329469431905355,2.98,-0.8059999999999996,-0.12749055488125471,1,-72.18799999999828,0.022970808329547898,0.022118875472996624
2008-03-01,9.970076852094385,0.7521025,1.089425,2.1989125,24.38405179883032,2.61,-1.3264999999999998,-0.16002399276448567,2,-72.18799999999828,0.02388524386633417,0.022170197469132402
2008-04-01,8.795053869453886,0.662725,0.92677,2.3157575,25.204092441252197,2.28,-0.968181818181818,-0.06686366600838571,1,100.28800000000047,0.02294669292051843,0.02205899821109014
2008-05-01,12.007204181678897,0.398496,0.731914,2.5774619999999997,25.58364787805178,1.98,-0.21571428571428575,-0.03553826219716978,0,100.28800000000047,0.023222157689781087,0.02200122628738188
2008-06-01,18.697997560528233,0.4785475,0.8027775,2.8596375,24.21673551565435,2.0,-0.10952380952380936,-0.10391622179023052,1,100.28800000000047,0.023917259211376996,0.02205582982676968
2008-07-01,20.136707352053023,0.5529725,0.8945675,2.8674049999999998,22.603177385642233,2.01,-0.35499999999999954,-0.1484056622799801,1,-88.99600000000282,0.02463313612274831,0.022135305436203234
2008-08-01,9.071666210943402,0.558968,0.957062,2.622954,23.155126607759247,2.0,-0.2471428571428571,-0.12450319599984701,1,-88.99600000000282,0.024981171756213394,0.022043536278975262
2008-09-01,20.46068896762827,1.347385,1.3698474999999999,2.479515,22.050373871028608,1.81,-0.6633333333333336,-0.15237636022433362,1,-88.99600000000282,0.024386208722122937,0.02207715525386944
2008-10-01,22.56036335498274,2.484772,2.117104,2.713608,17.770107910955755,0.97,-0.28409090909090906,-0.34964605013232264,2,-368.9449999999997,0.022213629955157854,0.021995246504080912
2008-11-01,22.8162832827411,2.856655,2.682325,3.123065,16.575738507639592,0.39,-0.19611111111111112,-0.4215026206524513,2,-368.9449999999997,0.02015893915169764,0.02183605400206612
2008-12-01,6.561301795965703,2.6709199999999997,2.68109,3.4286925,16.732842670212026,0.16,-0.12590909090909091,-0.35982522512033926,2,-368.9449999999997,0.017624596562335837,0.0214756108535874
2009-01-01,32.46422838756809,2.1459140000000003,2.191564,3.760982,16.545978292696994,0.15,-0.02049999999999999,-0.199383573747825,2,-187.08799999999792,0.016723503187990874,0.021557258703551296
2009-02-01,25.550284926763656,1.928705,1.97583,3.9021725,15.431495098996697,0.22,0.07526315789473684,-0.2135551329246692,2,-187.08799999999792,0.01800980653363804,0.021766691756477607
2009-03-01,16.67708051928779,1.8034025,1.9652825,3.50324,14.592703772466306,0.18,0.03590909090909092,-0.2762062475002653,2,-187.08799999999792,0.017876130957932945,0.021924581975116597
2009-04-01,21.905345413036887,1.38334,1.6659475,2.7210625000000004,16.441219972398414,0.15,0.008095238095238128,-0.13225633198109588,1,-29.11700000000019,0.0193232662192393,0.02178809544531557
2009-05-01,20.798184699281464,0.9224159999999999,1.187264,1.942436,17.585230774696484,0.18,-0.0030000000000000027,-0.049879982953796066,0,-29.11700000000019,0.018461309413034588,0.02176470988814483
2009-06-01,9.060325642824898,0.7081875,0.90936,1.4892025,18.040717081299704,0.21,-0.031363636363636344,-0.05619264509000203,0,-29.11700000000019,0.017119726678550107,0.02180387746224599
2009-07-01,9.393846355037715,0.49703400000000003,0.731382,1.158974,18.41056954196057,0.16,0.023636363636363622,-0.07089336989899504,1,57.13600000000042,0.015270992984974363,0.02158540352314464
2009-08-01,12.363302680536817,0.268205,0.5274575,0.8179025,19.979249781377362,0.16,0.01190476190476189,-0.032585191153051175,0,57.13600000000042,0.014339650543224725,0.021578601654886675
2009-09-01,4.665764844546207,0.1397975,0.4017275,0.62409,20.817180576489942,0.15,-0.026666666666666644,-0.035141303570489814,0,57.13600000000042,0.014798373886199645,0.021488065683141322
2009-10-01,8.65399497112306,0.041333999999999996,0.32421,0.5949220000000001,21.420018718305062,0.12,-0.04571428571428571,-0.056215983871166796,0,176.47299999999996,0.017127331771131127,0.02158536899132968
2009-11-01,8.256673532057965,-0.011139999999999999,0.2540725,0.6499775,21.938367056892957,0.12,-0.06789473684210526,-0.050122530611527875,0,176.47299999999996,0.01714243571010421,0.021489853819300908
2009-12-01,7.500805043110362,-0.048085,0.109935,0.66553,22.51127899203436,0.12,-0.06545454545454546,-0.0168283437277877,0,176.47299999999996,0.018236717759594345,0.02141770310697355
2010-01-01,12.897894547301817,-0.098584,0.0061979999999999995,0.5952500000000001,22.74143027719743,0.11,-0.048421052631578955,-0.06638671104751045,1,79.95599999999831,0.015123351706495702,0.020960683600669716
2010-02-01,6.2515983773126305,-0.155685,0.0174425,0.400565,22.070377804640152,0.13,-0.02105263157894738,-0.08127938918465269,1,79.95599999999831,0.013494526888039982,0.020949096671075917
2010-03-01,6.498972942952858,-0.2745275,-0.07826,0.159785,23.269199472972947,0.16,-0.009565217391304365,-0.030011406516444784,0,79.95599999999831,0.011592051426555505,0.020632309780096447
2010-04-01,10.780787865395595,-0.304438,-0.137972,0.008588,24.150482266532816,0.2,-0.03772727272727272,-0.027577934042642378,0,160.45200000000114,0.009675088932173947,0.020480384569569354
2010-05-01,6.6966339872032306,-0.0670675,0.039972499999999994,0.0251575,22.679628014583425,0.2,-0.04000000000000001,-0.1226752058121384,1,160.45200000000114,0.00940138142747493,0.020318929438536637
2010-06-01,7.779973247355833,0.0411825,0.1476725,0.05284,21.85941808647978,0.18,-0.05636363636363635,-0.15326799410908068,1,160.45200000000114,0.009501989849939774,0.020200399362477084
2010-07-01,8.976437242451118,-0.099156,0.07717,0.018556,21.774656015068224,0.18,-0.022380952380952363,-0.15994677274011784,2,129.10399999999936,0.009577539302116689,0.02005324144251075
2010-08-01,6.268488892800602,-0.20835,0.028725,-0.028624999999999998,21.882717641224716,0.19,-0.035,-0.07144066321631164,1,129.10399999999936,0.009171009950067255,0.019895951254552457
2010-09-01,11.081580914994557,-0.24978250000000002,-0.0036949999999999995,-0.025235,22.552614727121682,0.19,-0.0380952380952381,-0.042117768693439965,0,129.10399999999936,0.008143870498363182,0.01976489438866791
2010-10-01,6.902514395867673,-0.297068,-0.13161399999999998,0.053266,23.49381681004717,0.19,-0.055499999999999994,-0.01587725024997053,0,88.59800000000178,0.006027183550187942,0.01965194172492124
2010-11-01,6.736613578630037,-0.29052,-0.246115,0.1122625,23.993185849903487,0.19,-0.047000000000000014,-0.03875678974738809,0,88.59800000000178,0.00672056411046551,0.019519652673393395
2010-12-01,9.292903754544204,-0.30057999999999996,-0.316642,0.049914,24.750553777970612,0.18,-0.03909090909090909,-0.01613576676658206,0,88.59800000000178,0.006618948664665503,0.01949734618315646
2011-01-01,9.893224594179319,-0.36894,-0.385455,-0.060687500000000005,25.380551443716627,0.17,-0.018000000000000016,-0.017852526697772424,0,-40.23199999999997,0.009835337415527112,0.019374887604922675
2011-02-01,7.083201148821191,-0.3770925,-0.398995,-0.103885,25.931891523572457,0.16,-0.027894736842105278,-0.02748306707418275,0,-40.23199999999997,0.01124445592146106,0.019285524971889734
2011-03-01,5.688671194238098,-0.35624500000000003,-0.36606500000000003,-0.066135,25.267990036105846,0.14,-0.039565217391304364,-0.06413206473259529,0,-40.23199999999997,0.012097851736773357,0.019229825362720998
2011-04-01,7.0880334727542555,-0.41166200000000003,-0.366058,0.037956000000000004,25.52606103356166,0.1,-0.04150000000000001,-0.02819785023329526,0,114.48199999999997,0.013155392125784537,0.019133782753801176
2011-05-01,5.456241492426239,-0.4254025,-0.35500750000000003,0.12937749999999998,25.42275141049591,0.09,-0.04904761904761905,-0.03470930585953799,0,114.48199999999997,0.014540961794335727,0.019227600838601866
2011-06-01,6.556928369626693,-0.384535,-0.32015,0.2089,24.359226657703797,0.09,-0.05272727272727272,-0.07200734994686543,1,114.48199999999997,0.01583677676609674,0.01908036271604252
2011-07-01,11.747101814237105,-0.312104,-0.25964400000000004,0.44352,24.91508907841193,0.07,-0.03250000000000001,-0.050645702303823634,0,-3.801000000003114,0.01741483445742964,0.019097459513931048
2011-08-01,7.796635174273155,-0.1351775,-0.05664,0.822095,22.09261871212077,0.1,-0.07565217391304348,-0.17514520561745048,2,-3.801000000003114,0.019651571719433658,0.01922457161762403
2011-09-01,15.291576664414489,-0.004326000000000001,0.11032199999999999,1.0646200000000001,21.70640003107506,0.08,-0.06619047619047619,-0.16527978965102225,2,-3.801000000003114,0.019877227562006272,0.019121901214246062
2011-10-01,11.479412097952215,-0.0042924999999999994,0.0984975,1.0076175,22.212668163493923,0.07,-0.051000000000000004,-0.18769305488626756,2,191.27000000000044,0.021079204796465634,0.01913334715963666
2011-11-01,6.688933705660749,-0.0050125000000000005,0.091125,0.78739,22.423888769998182,0.08,-0.066,-0.09837437474216233,1,191.27000000000044,0.02138204538395394,0.0189300690243126
2011-12-01,3.7547812224470793,-0.028961999999999998,0.09312200000000001,0.5274340000000001,22.623608815264806,0.07,-0.05857142857142858,-0.06205012283593274,0,191.27000000000044,0.02276662633858506,0.01899466699730734
2012-01-01,10.78311061195692,-0.1691025,-0.0217375,0.30468249999999997,23.38604601373142,0.08,-0.0455,-0.010293669827095142,0,144.42699999999968,0.022773481506083826,0.01904381946265188
2012-02-01,7.174201590138851,-0.294275,-0.1208375,0.167535,24.031932260644208,0.1,-0.008000000000000007,-0.006886302644093898,0,144.42699999999968,0.021598204405657295,0.018898229662616783
2012-03-01,7.8516770064707755,-0.342366,-0.159274,0.121488,24.315942005487805,0.13,-0.04590909090909091,-0.022363878081596084,0,144.42699999999968,0.022483374654291177,0.019042567228368945
2012-04-01,3.106888254087916,-0.32706999999999997,-0.12360750000000001,0.182365,24.015130965765508,0.14,-0.05619047619047621,-0.04259927245049711,0,77.51500000000306,0.02314427851801515,0.018963892473878863
2012-05-01,6.125409597131596,-0.27154,-0.008632500000000001,0.2618825,23.09523798959688,0.16,-0.07045454545454546,-0.08725621895854166,1,77.51500000000306,0.022522582803613078,0.01894477952567941
2012-06-01,3.2239778806962103,-0.246412,0.067886,0.273514,22.665536337915757,0.16,-0.06857142857142857,-0.09936294686452453,1,77.51500000000306,0.02192285611289857,0.01901478998819006
2012-07-01,4.723324281009176,-0.33291000000000004,0.022285,0.22760249999999999,23.168289603671173,0.16,-0.06285714285714286,-0.0505469684869774,0,25.125,0.02109955687378462,0.01900806324241655
2012-08-01,4.570898143917999,-0.4317460000000001,-0.05484599999999999,0.190076,23.62546483683114,0.13,-0.027391304347826093,-0.015130176804975503,0,25.125,0.019352524993137443,0.01880411057505027
2012-09-01,3.34882721209142,-0.50218,-0.1277725,0.14313499999999998,24.04058910875292,0.14,-0.03473684210526318,-0.02213858436848433,0,25.125,0.020082434834909124,0.01888587946594522
2012-10-01,6.579980221524705,-0.5489425,-0.145625,0.05951,23.816813659366243,0.16,-0.05523809523809524,-0.03890106822452603,0,20.201999999997497,0.019946491483669337,0.018940517631770737
2012-11-01,5.8445975880576695,-0.5766,-0.12031800000000001,-0.082676,23.073935342391618,0.16,-0.0665,-0.07671057667868018,1,20.201999999997497,0.019528512686261434,0.018862782251469534
2012-12-01,6.9672079859563265,-0.584935,-0.15622,-0.2483825,23.456313867189632,0.16,-0.09000000000000001,-0.040351696809891986,0,20.201999999997497,0.018996943778720743,0.018930477181913208
2013-01-01,6.149192294034463,-0.6038725,-0.2149975,-0.3575575,24.19377141659687,0.14,-0.06571428571428573,-0.006452926497048103,0,172.5480000000025,0.019098022178631435,0.018992854100274403
2013-02-01,4.124042431433608,-0.6190599999999999,-0.2388925,-0.3893825,24.367396962422973,0.15,-0.05105263157894736,-0.028146085065056222,0,172.5480000000025,0.01988738521448563,0.019088988983525734
2013-03-01,3.9606202563337445,-0.614766,-0.261534,-0.381694,24.77720080536969,0.14,-0.05300000000000002,-0.0111499471340733,0,172.5480000000025,0.018890221377988237,0.01918753834263387
2013-04-01,6.504995433016534,-0.613305,-0.3237275,-0.38422999999999996,24.976932098870424,0.15,-0.09,-0.03248461432325278,0,47.270999999997,0.01715558856294086,0.019204173772191302
2013-05-01,12.274583365140348,-0.598592,-0.367892,-0.449934,25.881910504712486,0.11,-0.06590909090909092,-0.023017591578146143,0,47.270999999997,0.016455519491850756,0.019064384870919104
2013-06-01,4.461484189710829,-0.533105,-0.32799500000000004,-0.6016925,25.347211669351637,0.09,-0.03949999999999999,-0.057555936154791085,0,47.270999999997,0.016230952474272975,0.01916628798314557
2013-07-01,4.082927745181183,-0.5235375,-0.3106025,-0.7418225,25.97601230661417,0.09,-0.05454545454545454,-0.032998680172730846,0,150.77900000000227,0.01700221768056709,0.019186497924609247
2013-08-01,7.055689370329814,-0.548524,-0.32202000000000003,-0.771038,25.827397250944163,0.08,-0.03636363636363637,-0.04631891618912612,0,150.77900000000227,0.01782107690904433,0.019279679041652065
2013-09-01,4.985667369008859,-0.5595525,-0.330685,-0.6444075,25.923107076121422,0.08,-0.064,-0.0408850963152855,0,150.77900000000227,0.017519368418314363,0.019385253793075208
2013-10-01,6.2440355551693525,-0.604455,-0.3625675,-0.48390500000000003,26.356918954589563,0.09,-0.042727272727272725,-0.04060808774528738,0,155.69700000000012,0.01686837731144819,0.01932343972819983
2013-11-01,5.718879852970959,-0.657604,-0.40831,-0.37292800000000004,27.246316008132887,0.08,-0.01210526315789473,-0.013995839296370152,0,155.69700000000012,0.017416677473738762,0.019513328892162063
2013-12-01,5.5902876017540795,-0.671565,-0.4360425,-0.3217575,27.483753598662698,0.09,-0.023333333333333317,-0.01827615417053149,0,155.69700000000012,0.017408566188369834,0.019581403253229324
2014-01-01,11.97541761573737,-0.677116,-0.42225799999999997,-0.260088,27.474102609349295,0.07,-0.026666666666666672,-0.04013246925144082,0,-62.1730000000025,0.016070344358370292,0.019458941183743805
2014-02-01,5.121974937657513,-0.699175,-0.40313,-0.2122925,27.17067513688943,0.07,-0.01736842105263159,-0.05761260668967606,0,-62.1730000000025,0.015548073904948723,0.01939863405500164
2014-03-01,6.132822420354451,-0.7164550000000001,-0.3911475,-0.249995,27.566812365082868,0.08,-0.02761904761904762,-0.019653486300597,0,-62.1730000000025,0.016456609706435588,0.01927503338623704
2014-04-01,5.181519782941697,-0.719885,-0.36855499999999997,-0.3403425,27.372610571113675,0.09,-0.05904761904761904,-0.039774753840366585,0,231.93700000000172,0.018210555250137483,0.01925906528483745
2014-05-01,2.5029729175712503,-0.731676,-0.36572,-0.39617,27.538632386895767,0.09,-0.05761904761904762,-0.014018802219004098,0,231.93700000000172,0.019455269618362525,0.019299388647492366
2014-06-01,4.2662304059507665,-0.7355675,-0.3800825,-0.33712,28.20860107272216,0.1,-0.0642857142857143,-0.010844236813914014,0,231.93700000000172,0.019228626526676562,0.019223880035657892
2014-07-01,5.379574307094905,-0.7047525,-0.36966,-0.2340175,28.485636237139374,0.09,-0.06363636363636363,-0.028828226182601835,0,221.02999999999884,0.018449632290063356,0.019273550465944034
2014-08-01,2.5701346230907665,-0.67912,-0.33874,-0.21028599999999997,28.256055533515127,0.09,-0.05714285714285714,-0.03944206428135108,0,221.02999999999884,0.0173639560289498,0.019311594660346598
2014-09-01,4.723947764474597,-0.657775,-0.28835500000000003,-0.25343,28.57815587885414,0.09,-0.06999999999999999,-0.022556874675647556,0,221.02999999999884,0.017409458883681284,0.019164237983388288
2014-10-01,10.286947848770927,-0.6155839999999999,-0.252386,-0.228382,27.73694561828824,0.09,-0.07318181818181818,-0.07401459519995708,1,93.09000000000015,0.01817632310436279,0.019130746182589586
2014-11-01,8.479346543691365,-0.6252175,-0.2467775,-0.1738625,29.318654523381454,0.09,-0.06833333333333333,-0.002948426995476494,0,93.09000000000015,0.017415947552462452,0.01903866752386163
2014-12-01,4.507940289821476,-0.5867025,-0.19863,-0.17603749999999999,29.515332882231373,0.12,-0.09090909090909091,-0.04945148149873493,0,93.09000000000015,0.016224195046636636,0.018938229280305974
2015-01-01,5.393646788058542,-0.507958,-0.128316,-0.23773,29.17467116535153,0.11,-0.08249999999999999,-0.04682934377363008,0,166.59000000000015,0.01631625565241701,0.018829713444405982
2015-02-01,13.307238485865428,-0.49467,-0.11209,-0.30305,29.719916695619265,0.11,-0.09210526315789473,-0.033349799573162364,0,166.59000000000015,0.016880834938713285,0.01877838481491989
2015-03-01,4.613899993992589,-0.52573,-0.11851249999999999,-0.29638,29.418369171807658,0.11,-0.08227272727272728,-0.03643632314207971,0,166.59000000000015,0.017453777073428434,0.018668373030845897
2015-04-01,4.206433812822166,-0.55225,-0.11562249999999999,-0.2449775,29.480373846198756,0.12,-0.09681818181818182,-0.02725050845577608,0,115.62199999999939,0.01802827832894649,0.018867251212249858
2015-05-01,2.7486140411316367,-0.563596,-0.112208,-0.21950799999999998,29.489896186353253,0.12,-0.1035,-0.01772688169712492,0,115.62199999999939,0.0175094409524732,0.018858964774032483
2015-06-01,6.0732611468511815,-0.5620025,-0.103085,-0.2401,29.142936079173243,0.13,-0.115,-0.03434366743016227,0,115.62199999999939,0.01777267624465506,0.018966550454424302
2015-07-01,14.326996196564728,-0.555698,-0.061217999999999995,-0.195032,29.01170386423891,0.13,-0.09772727272727273,-0.039487151401395006,0,75.17500000000291,0.018346312894897077,0.019024955765504448
2015-08-01,5.569413072687426,-0.5095075,0.00764,-0.033174999999999996,28.252525181771908,0.14,-0.06809523809523811,-0.12247920403191993,1,75.17500000000291,0.018506323273421277,0.01902937147036554
2015-09-01,6.451610790561696,-0.4795,0.045505,0.093275,26.93610526853825,0.14,-0.11571428571428573,-0.11582592815432521,1,75.17500000000291,0.01897096144665089,0.019137282304080072
2015-10-01,9.80371601205786,-0.53951,0.045877999999999995,0.06956599999999999,28.028090261451542,0.12,-0.10333333333333333,-0.0960682241966817,1,34.78799999999683,0.019135335359607986,0.018972661972192162
2015-11-01,2.7842447018437158,-0.5743050000000001,0.0684525,-0.0522025,28.832783137035225,0.12,0.006315789473684219,-0.04111783561104875,0,34.78799999999683,0.019974275238246353,0.018918280883063687
2015-12-01,6.044181816329461,-0.5216975,0.13959,-0.098215,28.544376783609163,0.24,-0.011363636363636354,-0.04940775541849405,0,34.78799999999683,0.020715072792840905,0.018895018384095685
2016-01-01,11.918189551091055,-0.47426,0.22302399999999997,-0.008058,26.611684960823272,0.34,-0.08263157894736844,-0.11871327400858628,1,109.48400000000038,0.02145022538582464,0.018864101170362968
2016-02-01,13.451534564658514,-0.477705,0.24246499999999999,0.1081075,26.38956204045428,0.38,-0.0655,-0.1300989437056365,1,109.48400000000038,0.02222573822094165,0.018894320152193833
2016-03-01,4.406081854492192,-0.5104,0.187485,0.13569,27.893951322288917,0.36,-0.06272727272727269,-0.05910688716186435,0,109.48400000000038,0.02142426948557663,0.018711742304886814
2016-04-01,8.458220401920787,-0.52694,0.149852,0.073244,28.495838319794828,0.37,-0.1419047619047619,-0.01764643038380385,0,61.01900000000023,0.02156654761214183,0.01872668309031411
2016-05-01,3.8644483807278704,-0.5250125,0.16252,0.0152225,28.24329283796464,0.37,-0.09333333333333332,-0.029661275769529566,0,61.01900000000023,0.022545595974976074,0.01867050856277719
2016-06-01,7.7702958130553155,-0.5123,0.18091000000000002,0.0537575,28.40074288458177,0.38,-0.1072727272727273,-0.05595722354916799,0,61.01900000000023,0.022622116465067066,0.01858881750332264
2016-07-01,5.110967762099612,-0.49589,0.16781200000000002,0.11368,29.33464911597546,0.39,-0.08899999999999997,-0.0144258308490543,0,135.22899999999936,0.021701399624842965,0.018509981887286253
2016-08-01,7.0828087461020095,-0.472465,0.139825,0.086985,29.60932774413774,0.4,-0.1004347826086957,-0.009638547233072793,0,135.22899999999936,0.023087345614186683,0.018507254687670338
2016-09-01,4.5746886116067795,-0.454692,0.156832,-0.036404000000000006,29.360965010602897,0.4,-0.10571428571428576,-0.029395194704985722,0,135.22899999999936,0.022711206825691832,0.018482082672500066
2016-10-01,4.664427576874481,-0.473905,0.15150750000000002,-0.2663125,29.132461051587633,0.4,-0.0685,-0.02922174410596806,0,106.41400000000067,0.022045551507991146,0.01840836936152379
2016-11-01,21.723807277979457,-0.49359,0.1055975,-0.55999,29.48299745179278,0.41,0.04250000000000004,-0.0479282128546513,0,106.41400000000067,0.021454219398053587,0.01844878239710579
2016-12-01,3.6264510609513905,-0.5023099999999999,0.05009400000000001,-0.799106,30.58614185944884,0.54,-0.028095238095238173,-0.014477969557112788,0,106.41400000000067,0.02197123661300271,0.018480910067203427
2017-01-01,4.742208784905655,-0.5117125,0.0062375,-0.81677,30.792138471115763,0.65,-0.131,-0.008484273204814383,0,93.9910000000018,0.022502092221020176,0.01845916568112993
2017-02-01,6.127510525371841,-0.5165425,-0.013015,-0.7037424999999999,31.42748536210966,0.66,-0.13368421052631585,-0.008188441112524118,0,93.9910000000018,0.022353468290497336,0.018413983940690493
2017-03-01,2.5688852569249394,-0.525586,-0.0027319999999999996,-0.548154,31.886026295005642,0.79,-0.042173913043478284,-0.022692312865529255,0,93.9910000000018,0.02045845481938735,0.01825436591696894
2017-04-01,2.1420561444114203,-0.5561425,-0.0042675,-0.422585,31.670821333081467,0.9,-0.0915789473684211,-0.027967917184811834,0,108.60599999999977,0.018965650108902388,0.01820929066223287
2017-05-01,3.345970932332587,-0.608825,-0.01822,-0.38119749999999997,32.10312156891897,0.91,-0.006818181818181834,-0.0188526248683549,0,108.60599999999977,0.017370931912259246,0.018140672523670798
2017-06-01,8.416983511257678,-0.635914,-0.04478,-0.39384600000000003,32.56258379440214,1.04,-0.040909090909090895,-0.013890619234714368,0,108.60599999999977,0.01699119334249022,0.01810679421699124
2017-07-01,2.1247805247884024,-0.63569,-0.0687625,-0.3928025,32.822440838488504,1.15,-0.06349999999999989,-0.017815640619135206,0,153.8169999999991,0.016769627444729984,0.01801920532883572
2017-08-01,5.443854220181817,-0.6316325,-0.0628925,-0.36667,32.71012686224204,1.16,-0.12782608695652153,-0.02231433838489552,0,153.8169999999991,0.016552412618799472,0.018074186006686865
2017-09-01,5.940068260437874,-0.624654,-0.065056,-0.376402,32.97028077070135,1.15,-0.10349999999999993,-0.009294901979539662,0,153.8169999999991,0.015953898457655935,0.017976246587870337
2017-10-01,6.706043583797193,-0.63118,-0.093665,-0.45262,33.77535045295933,1.15,-0.05666666666666664,-0.007013043156751099,0,221.58599999999933,0.017596390813271245,0.018011990513969733
2017-11-01,5.440301565063132,-0.65125,-0.0964975,-0.527685,34.1729359722271,1.16,0.0904761904761906,-0.011470858921685057,0,221.58599999999933,0.017376072726981162,0.0178489163492499
2017-12-01,8.077922048576934,-0.671824,-0.08939,-0.562994,35.017141106605784,1.3,0.04150000000000009,-0.0069157714038689515,0,221.58599999999933,0.01770166453265043,0.01781758188399074
2018-01-01,6.902532124672839,-0.6664625,-0.10199,-0.573375,36.33394041169585,1.41,0.02238095238095239,-0.01755741940615653,0,161.72500000000218,0.018912671130328462,0.01787364303838479
2018-02-01,9.944329777548575,-0.5998125,-0.084325,-0.6321575,34.9340847841563,1.42,0.16789473684210532,-0.10159530548956275,1,161.72500000000218,0.0187770420481439,0.017995703193161905
2018-03-01,4.367649205444074,-0.533496,-0.03773,-0.72691,34.67572864730247,1.51,0.21666666666666656,-0.09906821255828452,1,161.72500000000218,0.021227843662331214,0.017989778171095594
2018-04-01,11.904667562808251,-0.550945,-0.03295,-0.700395,33.75372125069347,1.69,0.09809523809523801,-0.10128903239798234,1,106.39899999999761,0.02150644636125887,0.018065842095102314
2018-05-01,5.308079112896183,-0.6098175,-0.0554125,-0.4940875,34.044187061418896,1.7,0.19954545454545447,-0.06602104192206304,1,106.39899999999761,0.02272998448872432,0.018091689021175528
2018-06-01,10.425908081793661,-0.61571,-0.06253600000000001,-0.186134,34.45891963367428,1.82,0.11523809523809514,-0.031297060045354604,0,106.39899999999761,0.022455173071270318,0.017961321798224406
2018-07-01,8.272669602415107,-0.62617,-0.0648025,0.007165000000000001,34.73177757132532,1.91,0.08476190476190482,-0.026420555240860705,0,125.67799999999988,0.02267595293370639,0.01782458300917611
2018-08-01,5.982004730863062,-0.678206,-0.077558,0.10790999999999999,35.27462940829561,1.91,0.16260869565217395,-0.01402152728542388,0,125.67799999999988,0.021208941334864617,0.017698882965905938
2018-09-01,6.271216402782121,-0.6993849999999999,-0.08867,0.21624749999999998,35.522018512241395,1.95,0.21526315789473682,-0.014536556414476385,0,125.67799999999988,0.021976804898501623,0.017736560059559592
2018-10-01,16.30072789131976,-0.664,-0.0800225,0.293645,33.79374384993607,2.19,0.10318181818181849,-0.09878017572293782,1,28.720000000001164,0.02126409125691242,0.017917387384760675
2018-11-01,4.850714355582532,-0.589976,-0.021784,0.328834,32.880333947031986,2.2,0.17399999999999993,-0.1017452670498166,1,28.720000000001164,0.022153843729315836,0.018047780154648585
2018-12-01,13.447497648134053,-0.5385125,0.046245,0.29044000000000003,30.81833509502231,2.27,0.1421052631578945,-0.19634522192436232,2,28.720000000001164,0.022485295505299874,0.018302702136124616
2019-01-01,10.23879077876395,-0.57786,0.028205,0.15351,30.92910569429333,2.4,0.023809523809523725,-0.16326046248112622,2,126.76699999999983,0.021794329242488475,0.018380163500240743
2019-02-01,6.180004024786441,-0.6606775,-0.02634,-0.003765000000000001,32.20864001068951,2.4,0.0378947368421052,-0.03832411638935724,0,126.76699999999983,0.021410889637129227,0.01833529655541488
2019-03-01,7.049261678050708,-0.715296,-0.04961600000000001,-0.10828600000000002,32.26103863164944,2.41,0.04380952380952374,-0.02162146111508672,0,126.76699999999983,0.0206656235001228,0.018268415120353376
2019-04-01,5.188507505224126,-0.7308325,-0.05462,-0.14228,32.88369036371971,2.42,0.0128571428571429,-0.006067494393846628,0,170.63400000000183,0.020913377235709074,0.018224545666952308
2019-05-01,6.373171192900914,-0.7143539999999999,-0.044011999999999996,-0.11667799999999999,31.926648340129923,2.39,0.013181818181818183,-0.0657777313668354,1,170.63400000000183,0.0197242800754438,0.01821786985434315
2019-06-01,5.898756465043914,-0.6930925,-0.0311975,-0.06516999999999999,31.987942034596227,2.38,-0.16049999999999986,-0.06836108044673847,1,170.63400000000183,0.020746001344216447,0.01832366835944299
2019-07-01,3.8515767564789654,-0.705215,-0.0214175,-0.0143475,32.770388154606195,2.4,-0.2549999999999999,-0.015030511323977081,0,241.04699999999866,0.021657049503490455,0.018462989935544183
2019-08-01,8.075661127641704,-0.68582,0.011732000000000001,0.047628000000000004,31.38611285417005,2.13,-0.13954545454545442,-0.06122556998296665,0,241.04699999999866,0.02321135673598529,0.018585507634218512
2019-09-01,4.524591573052633,-0.6454125000000001,0.026619999999999998,0.0818425,31.974134120476883,2.04,-0.10550000000000015,-0.039522675750042986,0,241.04699999999866,0.023300099083477743,0.01858599665112326
2019-10-01,4.287512429462977,-0.6542675,0.0009425000000000006,0.0682125,31.56428123057067,1.83,-0.15136363636363637,-0.04568948830810067,0,142.1260000000002,0.023378148209658223,0.018541231258526247
2019-11-01,5.9175263819744925,-0.69192,-0.021866000000000003,0.065744,32.663322842582,1.55,0.02210526315789485,-0.00592242549266549,0,142.1260000000002,0.023546960942649298,0.018686993631787496
2019-12-01,5.2931748381872605,-0.67466,-0.0359275,0.14303,33.20928757730657,1.55,0.015238095238095495,-0.019162024044093534,0,142.1260000000002,0.022905988164406255,0.018768698639071157
2020-01-01,12.334560724544415,-0.714908,-0.086678,0.306596,33.92315839928782,1.55,0.0023809523809523725,-0.031264857248694905,0,-276.2360000000008,0.022817391837892886,0.01914941590084429
2020-02-01,13.45628383472837,-0.543515,0.03195,0.5749225,33.64365273159247,1.58,-0.035263157894736885,-0.12755782942204105,1,-276.2360000000008,0.023676613601035346,0.019353772491436105
2020-03-01,39.790693223730834,-0.0264775,0.414505,0.8489975,27.18163367791651,0.65,-0.35454545454545455,-0.3392496000265327,2,-276.2360000000008,0.02097741687598198,0.01920922462721686
2020-04-01,44.59103158745737,0.07842500000000001,0.6158275,0.9433225000000001,28.407962507549225,0.05,0.0880952380952381,-0.27041032699408135,2,-1631.2200000000012,0.014309324152566472,0.018690930769113434
2020-05-01,7.817650424466615,-0.32495799999999997,0.42595600000000006,0.75014,29.951773296263568,0.05,0.0775,-0.1671957588032015,2,-1631.2200000000012,0.012184564692601985,0.018498271379519204
2020-06-01,8.95566469967748,-0.527435,0.189375,0.43471750000000003,31.613284503327368,0.08,0.07954545454545454,-0.07124443602878548,1,-1631.2200000000012,0.011836841884912408,0.01855894913195888
2020-07-01,13.960416849850454,-0.582352,0.085054,0.290576,32.45334133725329,0.09,0.03681818181818183,-0.03605065880938852,0,1480.8870000000024,0.015606958371315871,0.019069609918109576
2020-08-01,14.923425779570502,-0.6303825000000001,0.0137375,0.361535,34.165665199989746,0.1,0.004285714285714282,-0.007969132154236065,0,1480.8870000000024,0.017223933878284248,0.01939540853075572
2020-09-01,18.953826789637233,-0.6205025,-0.007917500000000001,0.4867175,33.81900485029863,0.09,0.018571428571428572,-0.09604454752912996,1,1480.8870000000024,0.01719064405343662,0.019496374219179602
2020-10-01,12.769403154592155,-0.609926,-0.015182000000000001,0.551912,34.30790857534534,0.09,0.010476190476190472,-0.08681765153502177,1,233.03800000000047,0.01636411669245552,0.019582975024285743
2020-11-01,25.198790890229237,-0.65064,-0.04954,0.461115,35.612031301968514,0.09,0.0010526315789473745,-0.07556888635472496,1,233.03800000000047,0.016693780408814973,0.019691699100946813
2020-12-01,7.148272624628942,-0.6954625,-0.0803325,0.289845,37.026596400604234,0.09,-0.002727272727272731,-0.014791008107400905,0,233.03800000000047,0.01624313961356294,0.019738568500961895
2021-01-01,10.163814655350878,-0.7021240000000001,-0.108094,0.060936000000000004,37.84118046785665,0.09,-0.006315789473684205,-0.03660361503347834,0,290.2169999999969,0.013872433599783962,0.01955611795824308
2021-02-01,28.356075492419713,-0.67821,-0.1291,-0.253575,38.48063819275209,0.08,-0.03736842105263158,-0.03143215166236232,0,290.2169999999969,0.012738901148221515,0.01950431534421959
2021-03-01,10.772164997956418,-0.665795,-0.147055,-0.5240175,38.40068007630647,0.07,-0.038695652173913055,-0.042278854262786325,0,290.2169999999969,0.01647232394946352,0.019648891046759376
2021-04-01,4.7629361427964865,-0.68975,-0.17580400000000002,-0.62464,40.21974943627475,0.07,-0.0490909090909091,-0.01207278294761115,0,358.7950000000019,0.02965237482408023,0.020337612512786762
2021-05-01,10.44515388230671,-0.7217975,-0.1837725,-0.5770124999999999,40.01469143768443,0.06,-0.041999999999999996,-0.04006049583745031,0,358.7950000000019,0.03784681928473477,0.020814107924491454
2021-06-01,11.264551424632488,-0.7402425,-0.169295,-0.456845,40.14804952173046,0.08,-0.04409090909090909,-0.020845260229820323,0,358.7950000000019,0.04423187598975353,0.021370876867237598
2021-07-01,7.17917867033055,-0.7333320000000001,-0.151474,-0.25969800000000004,40.93735604211509,0.1,-0.04761904761904762,-0.028768596622478958,0,176.89900000000125,0.042073533316628664,0.0215129590776173
2021-08-01,5.876327442144994,-0.72419,-0.1359,-0.1562525,41.48683671871963,0.09,-0.035454545454545454,-0.01773327784587756,0,176.89900000000125,0.039486331224713345,0.0213612388294544
2021-09-01,15.858288851764744,-0.722035,-0.1364425,-0.23734499999999997,41.070676530740485,0.08,-0.0380952380952381,-0.05056483901609118,0,176.89900000000125,0.040136390848278136,0.02150365573902846
2021-10-01,8.563215947766917,-0.685022,-0.135036,-0.389578,40.63888788640219,0.08,-0.027999999999999997,-0.05212537590104862,0,370.90899999999965,0.045832621627442505,0.022028132201898476
2021-11-01,7.931578718596074,-0.5959075,-0.11544,-0.4081125,42.05485761785895,0.08,-0.028499999999999998,-0.02923559751229333,0,370.90899999999965,0.049744241261422184,0.022488452666312275
2021-12-01,17.21422913833275,-0.56719,-0.098232,-0.358176,41.717265819554655,0.08,-0.021363636363636362,-0.04070536086630082,0,370.90899999999965,0.055041595614427674,0.022911706625387218
2022-01-01,29.48195112096212,-0.5885475,-0.0756475,-0.41389,40.19425483317652,0.08,0.06550000000000002,-0.09799737462404647,1,-56.02700000000186,0.060584432873794336,0.023264044035154363
2022-02-01,10.212479801223713,-0.5066325,-0.0179325,-0.5345150000000001,38.370495009112204,0.08,0.2347368421052632,-0.11905616767387517,1,-56.02700000000186,0.06455520430171058,0.023712190713686354
2022-03-01,20.982225180291312,-0.398215,0.041005,-0.5905024999999999,37.2394117416022,0.2,0.24739130434782614,-0.13048098129406907,1,-56.02700000000186,0.06480311508806325,0.023792531368739267
2022-04-01,27.520994384930557,-0.369564,0.072404,-0.459328,36.80085234837285,0.33,0.43349999999999994,-0.10788278593565327,1,34.33499999999913,0.06157309612390649,0.024106679213615978
2022-05-01,23.956195391730166,-0.3169175,0.11790500000000001,-0.173635,33.2921108950378,0.77,0.22285714285714286,-0.15778781483391996,1,34.33499999999913,0.06019814344888674,0.02451442266673287
2022-06-01,17.68910546864994,-0.243425,0.1807925,0.0578875,31.51550355520463,1.21,0.32857142857142874,-0.20831463377272952,2,34.33499999999913,0.059079709518457646,0.02502515581430087
2022-07-01,21.441715972908366,-0.24162,0.196448,0.14124799999999998,31.45772714906695,1.68,0.6180000000000001,-0.16525627934992015,2,158.58000000000175,0.05900466194610221,0.025243109059806867
2022-08-01,5.381483492738636,-0.265535,0.1658525,0.0768325,33.28189040223445,2.33,0.3917391304347828,-0.08134353326792974,1,158.58000000000175,0.0629379150673246,0.025646545717946667
2022-09-01,13.557509927542629,-0.17584,0.208598,0.008566,30.597432345703776,2.56,0.6619047619047618,-0.16714207132771164,2,158.58000000000175,0.06632895644682146,0.026042897786028085
2022-10-01,30.8304489689094,-0.1362025,0.243815,-0.045992500000000006,29.34699833609664,3.08,0.7925,-0.16913735319636386,2,152.72000000000116,0.06295779498595766,0.02625837327401248
2022-11-01,14.93514889970509,-0.181745,0.2109075,-0.1228425,30.747932135302165,3.78,0.5430000000000006,-0.13595425907758263,1,152.72000000000116,0.059648355215570215,0.026442560344609456
2022-12-01,13.279112884919705,-0.232212,0.18818200000000002,-0.25352800000000003,30.676157998177388,4.1,0.2580952380952386,-0.07276522664883371,1,152.72000000000116,0.05684013449220071,0.026648532024438953
2023-01-01,21.71583421153901,-0.3247875,0.161555,-0.4012025,30.691634492755615,4.33,0.35749999999999993,-0.06666732088205866,1,161.2619999999988,0.05539070917262623,0.026851033930314294
2023-02-01,8.317527958041353,-0.33216,0.146505,-0.39443,31.320528304023128,4.57,0.21789473684210492,-0.05017506706659745,0,161.2619999999988,0.054954623667850866,0.027178761291132503
2023-03-01,20.787878763780963,-0.22561,0.193038,-0.087784,30.254655354508103,4.65,0.20869565217391273,-0.07751635836202832,1,161.2619999999988,0.055628208854015426,0.027425442967953684
2023-04-01,13.48933892459547,-0.24596,0.21549000000000001,0.43552,31.14569691360013,4.83,0.24350000000000005,-0.029611695966004326,0,140.89199999999983,0.055137464971047434,0.027868043557935485
2023-05-01,23.357367391588,-0.318605,0.19196,0.9074375,31.138125637345347,5.06,0.24818181818181895,-0.02596487098457155,0,140.89199999999983,0.05336273579898587,0.028174985724013224
2023-06-01,16.4084429419586,-0.33568600000000004,0.161824,1.109246,32.4065433609909,5.08,0.3357142857142854,-0.021921267591338157,0,140.89199999999983,0.048576744249325676,0.028241916798227074
2023-07-01,7.9634513383268555,-0.362355,0.1433425,0.829975,33.42787552695763,5.12,0.36850000000000005,-0.012712042720213637,0,260.4900000000016,0.047034702453572,0.028231197326982427
2023-08-01,9.25249376330287,-0.4127925,0.1303525,0.38752749999999997,32.78476908983149,5.33,0.22913043478260864,-0.04777771038891531,0,260.4900000000016,0.044048526208603445,0.0282593000828657
2023-09-01,10.958103189552155,-0.417316,0.127686,0.109528,32.231075598026564,5.33,0.22550000000000026,-0.06873674611813552,1,260.4900000000016,0.04135362292603273,0.028421324674605897
2023-10-01,8.158305597978412,-0.36609,0.13094,0.08435999999999999,31.11079609003049,5.33,0.2747619047619052,-0.10036857434053871,1,192.79099999999744,0.04025639569645367,0.028594692006701505
2023-11-01,11.318459410911384,-0.36750499999999997,0.1112375,0.1051825,32.44808051000208,5.33,0.19285714285714306,-0.06209667092259205,0,192.79099999999744,0.040147711077664905,0.02871309409613576
2023-12-01,8.30302154056685,-0.40460399999999996,0.073934,0.061612,33.99271328886765,5.33,0.1120000000000001,-0.014684266911006796,0,192.79099999999744,0.039136391835001616,0.028820257594392773
2024-01-01,13.688901013032122,-0.4314075,0.039915,-0.0278375,34.62030547506772,5.33,0.12380952380952337,-0.01979155193373499,0,48.33899999999994,0.03866726134430176,0.02911216371838443
2024-02-01,7.314971971714118,-0.458325,0.0165825,-0.0862275,35.67760688980594,5.33,0.11050000000000004,-0.014610233020612857,0,48.33899999999994,0.037678766972380595,0.02939552362739617
2024-03-01,8.369407631183037,-0.47609200000000007,0.0013120000000000002,-0.12929600000000002,36.437339841163165,5.33,0.1385000000000005,-0.011374199913694283,0,48.33899999999994,0.03814527256221267,0.029596944226228272
2024-04-01,5.1054949270670855,-0.44177,-0.0039375,-0.1801225,35.76160087570022,5.33,0.1136363636363642,-0.054644268434943556,0,204.38900000000285,0.03623609253156701,0.029673358459695542
2024-05-01,11.623770140106394,-0.416276,-0.012716,-0.17798799999999998,36.42899686950662,5.33,0.125,-0.04490754452063483,0,204.38900000000285,0.03390513713213905,0.029623119029549505
2024-06-01,12.36229759049031,-0.398965,-0.00969,-0.09621750000000001,37.5312211182834,5.33,0.17631578947368443,-0.007142891224350923,0,204.38900000000285,0.03260555773603513,0.02958353474347053
2024-07-01,10.474250884094594,-0.3727625,0.0014299999999999998,-0.07456,38.1964968989152,5.33,0.10181818181818159,-0.047286132699247814,0,192.06199999999808,0.032282600603963596,0.02961931655236727
2024-08-01,10.097407358234193,-0.37175199999999997,0.002926,-0.18106,37.615646194918924,5.33,-0.03454545454545421,-0.08485144350207377,1,192.06199999999808,0.032918235662659834,0.02982067341771688
2024-09-01,11.736869969990133,-0.40868000000000004,-0.0196775,-0.3127,38.39592678594198,5.13,-0.20800000000000018,-0.04566280782731911,0,192.06199999999808,0.03289914234939606,0.029976433512803435
2024-10-01,6.004859265176038,-0.4204025,-0.05027,-0.33438999999999997,39.3752260980707,4.83,-0.11181818181818226,-0.027148966384044286,0,107.97200000000157,0.03292843083424035,0.03007536923237142
2024-11-01,15.381554696505159,-0.453094,-0.07336400000000001,-0.25261,40.17663215195987,4.64,-0.019999999999999574,-0.025914498598100185,0,107.97200000000157,0.03280053013544726,0.03025815053850822
2024-12-01,15.568094659480346,-0.4890225,-0.0732,-0.228655,40.544844739398236,4.48,-0.08904761904762015,-0.03664696978795503,0,107.97200000000157,0.03213613000031912,0.030419934570634855
2025-01-01,4.682825304070939,-0.5118199999999999,-0.069024,-0.354444,39.89996941138797,4.33,0.012857142857143344,-0.043221397347668014,0,-38.332000000002154,0.032920999144371965,0.030781308848909728
2025-02-01,11.659519666331022,-0.50512,-0.0506375,-0.4631275,39.943400167691706,4.33,0.002105263157894832,-0.04599172914339328,0,-38.332000000002154,0.03143667506456893,0.030859615206814794
2025-03-01,6.02247026513824,-0.45053750000000004,-0.00622,-0.4517975,37.348615407456585,4.33,0.005714285714285339,-0.10133702671788515,1,-38.332000000002154,0.028087333707957463,0.030667963470723647
2025-04-01,7.997303519599688,-0.40304249999999997,0.01788,-0.419015,35.015341345574356,4.33,-0.0076190476190483025,-0.18902206184284007,2,222.76599999999962,0.027815211778485782,0.030658990447845147
2025-05-01,10.374257496052484,-0.44660599999999995,-0.008484,-0.45582399999999995,37.63733627717604,4.33,0.03142857142857114,-0.0878900701005045,1,,0.027671488714145154,0.03064682954309328
2025-06-01,7.777922928697787,-0.50359,-0.03616,-0.52018,38.73262487946787,4.33,0.09100000000000019,-0.012806715488924205,0,,0.02907869813377406,0.03072157972076406
2025-07-01,7.594022238880769,-0.538555,-0.048125,-0.52573,40.13746633233392,4.33,0.08227272727272794,-0.00857255564474609,0,,0.030486026845763847,0.030840191406283468
2025-08-01,8.340411810790457,-0.5666059999999999,-0.054288,-0.44136600000000004,40.62786904510087,4.33,-0.025238095238094616,-0.023750503295482152,0,,0.031121908210068217,0.031089191683810302
